loan_type,bank_name,age,credit_score,monthly_income,guardian_income,loan_amount,loan_tenure,job_stability,existing_emis,approval_status,course_level,course_type,study_country,college_tier,study_duration,moratorium_applicable
Education,SBI,22,780,120000,120000,4500000,15,4,0,1,Postgraduate,Management,USA,Tier 1,2,Yes
Education,HDFC,19,620,45000,45000,1200000,10,1,5000,0,Undergraduate,Engineering,India,Tier 3,4,Yes
Education,ICICI,24,810,150000,150000,3500000,12,6,10000,1,Postgraduate,Science,UK,Tier 1,1,Yes
Education,SBI,21,740,85000,85000,2000000,15,3,0,1,Undergraduate,Medical,India,Tier 2,5,Yes
Education,HDFC,23,690,60000,60000,4000000,15,5,12000,0,Postgraduate,Arts,Canada,Tier 2,2,Yes
Education,ICICI,20,710,55000,55000,800000,7,2,0,1,Undergraduate,Arts,India,Tier 3,3,Yes
Education,SBI,25,825,200000,200000,6000000,15,7,15000,1,PhD,Management,Australia,Tier 1,4,Yes
Education,HDFC,22,760,95000,95000,2500000,12,4,0,1,Postgraduate,Engineering,USA,Tier 2,2,Yes
Education,ICICI,18,650,40000,40000,1500000,10,0,2000,0,Undergraduate,Science,India,Tier 3,3,Yes
Education,SBI,23,790,110000,110000,3000000,15,5,8000,1,Postgraduate,Management,India,Tier 1,2,Yes
Education,HDFC,21,720,70000,70000,2200000,15,3,0,1,Undergraduate,Engineering,UK,Tier 2,4,Yes
Education,ICICI,26,610,35000,35000,5000000,15,3,10000,0,Postgraduate,Medical,USA,Tier 3,3,Yes
Education,SBI,22,805,180000,180000,5500000,15,4,0,1,Postgraduate,Engineering,USA,Tier 1,2,Yes
Education,HDFC,20,745,80000,80000,1000000,7,2,0,1,Undergraduate,Management,India,Tier 2,3,Yes
Education,ICICI,24,680,50000,50000,2800000,15,6,15000,0,Postgraduate,Science,Australia,Tier 2,2,Yes
Education,SBI,19,770,100000,100000,4000000,15,1,0,1,Undergraduate,Medical,India,Tier 1,5,Yes
Education,HDFC,22,630,42000,42000,1800000,10,4,8000,0,Undergraduate,Engineering,Canada,Tier 3,4,Yes
Education,ICICI,23,840,250000,250000,7500000,15,5,25000,1,Postgraduate,Management,USA,Tier 1,2,Yes
Education,SBI,20,715,65000,65000,900000,8,2,0,1,Undergraduate,Science,India,Tier 2,3,Yes
Education,HDFC,27,785,140000,140000,4000000,15,9,0,1,PhD,Engineering,UK,Tier 1,3,Yes
Education,ICICI,21,660,48000,48000,2000000,12,3,5000,0,Undergraduate,Arts,Australia,Tier 3,3,Yes
Education,SBI,23,730,90000,90000,2500000,15,5,0,1,Postgraduate,Engineering,India,Tier 1,2,Yes
Education,HDFC,22,705,75000,75000,1500000,10,4,0,1,Postgraduate,Science,India,Tier 2,2,Yes
Education,ICICI,20,800,130000,130000,5000000,15,2,0,1,Undergraduate,Medical,USA,Tier 1,5,Yes
Education,SBI,19,640,38000,38000,1200000,10,1,4000,0,Undergraduate,Engineering,India,Tier 3,4,Yes
Education,HDFC,25,820,160000,160000,4500000,15,7,12000,1,Postgraduate,Management,Canada,Tier 1,2,Yes
Education,ICICI,22,755,105000,105000,3000000,15,4,0,1,Postgraduate,Engineering,UK,Tier 2,1,Yes
Education,SBI,21,675,52000,52000,800000,7,3,0,1,Undergraduate,Arts,India,Tier 3,3,Yes
Education,HDFC,24,795,125000,125000,5500000,15,6,0,1,Postgraduate,Medical,USA,Tier 1,3,Yes
Education,ICICI,23,625,45000,45000,3500000,15,4,15000,0,Postgraduate,Engineering,Australia,Tier 3,2,Yes
Education,SBI,22,765,98000,98000,2200000,12,4,0,1,Postgraduate,Science,India,Tier 2,2,Yes
Education,HDFC,19,815,190000,190000,6500000,15,1,0,1,Undergraduate,Medical,UK,Tier 1,5,Yes
Education,ICICI,21,735,82000,82000,2800000,15,3,7000,1,Undergraduate,Engineering,USA,Tier 2,4,Yes
Education,SBI,28,845,300000,300000,8000000,15,10,30000,1,PhD,Management,USA,Tier 1,4,Yes
Education,HDFC,23,685,58000,58000,1800000,12,5,10000,0,Postgraduate,Arts,India,Tier 3,2,Yes
Education,ICICI,20,700,62000,62000,1200000,10,2,0,1,Undergraduate,Science,India,Tier 2,3,Yes
Education,SBI,22,775,115000,115000,3800000,15,4,0,1,Postgraduate,Engineering,Australia,Tier 1,2,Yes
Education,HDFC,24,655,50000,50000,2500000,15,6,9000,0,Postgraduate,Science,Canada,Tier 2,2,Yes
Education,ICICI,21,790,145000,145000,4200000,15,3,0,1,Undergraduate,Engineering,USA,Tier 1,4,Yes
Education,SBI,19,725,72000,72000,1500000,12,1,0,1,Undergraduate,Management,India,Tier 2,3,Yes
Education,HDFC,26,810,175000,175000,5000000,15,8,15000,1,PhD,Science,UK,Tier 1,3,Yes
Education,ICICI,22,605,32000,32000,2000000,15,2,6000,0,Postgraduate,Arts,India,Tier 3,2,Yes
Education,SBI,23,740,88000,88000,3200000,15,5,0,1,Postgraduate,Management,India,Tier 1,2,Yes
Education,HDFC,21,710,68000,68000,1100000,8,3,0,1,Undergraduate,Engineering,India,Tier 3,4,Yes
Education,ICICI,20,760,105000,105000,4500000,15,2,0,1,Undergraduate,Medical,Australia,Tier 2,5,Yes
Education,SBI,24,690,65000,65000,2800000,15,6,11000,0,Postgraduate,Science,USA,Tier 2,2,Yes
Education,HDFC,22,830,220000,220000,7000000,15,4,20000,1,Postgraduate,Engineering,USA,Tier 1,2,Yes
Education,ICICI,18,720,78000,78000,1800000,12,0,0,1,Undergraduate,Arts,India,Tier 1,3,Yes
Education,SBI,25,750,92000,92000,4000000,15,7,0,1,PhD,Management,India,Tier 1,3,Yes
Education,HDFC,21,615,36000,36000,3000000,15,3,12000,0,Undergraduate,Medical,India,Tier 3,5,Yes
Education,ICICI,23,780,118000,118000,3500000,15,5,0,1,Postgraduate,Science,Canada,Tier 1,2,Yes
Education,SBI,20,705,60000,60000,1000000,10,2,0,1,Undergraduate,Science,India,Tier 2,3,Yes
Education,HDFC,22,740,84000,84000,2600000,12,4,0,1,Postgraduate,Engineering,UK,Tier 2,1,Yes
Education,ICICI,26,850,350000,350000,9000000,15,8,40000,1,PhD,Medical,USA,Tier 1,4,Yes
Education,SBI,21,645,42000,42000,2200000,15,3,7000,0,Undergraduate,Arts,Australia,Tier 3,3,Yes
Education,HDFC,24,765,110000,110000,4000000,15,6,0,1,Postgraduate,Management,USA,Tier 1,2,Yes
Education,ICICI,22,695,54000,54000,1400000,10,4,0,1,Postgraduate,Science,India,Tier 3,2,Yes
Education,SBI,19,735,80000,80000,1600000,12,1,0,1,Undergraduate,Engineering,India,Tier 2,4,Yes
Education,HDFC,23,715,70000,70000,3200000,15,5,10000,0,Postgraduate,Arts,UK,Tier 2,2,Yes
Education,ICICI,25,805,165000,165000,5500000,15,7,0,1,Postgraduate,Engineering,Canada,Tier 1,2,Yes
Education,SBI,20,780,130000,130000,4800000,15,2,0,1,Undergraduate,Medical,USA,Tier 1,5,Yes
Education,HDFC,22,670,51000,51000,2400000,15,4,8000,0,Postgraduate,Science,Australia,Tier 3,2,Yes
Education,ICICI,24,745,96000,96000,3000000,15,6,0,1,Postgraduate,Management,India,Tier 1,2,Yes
Education,SBI,21,710,66000,66000,1200000,8,3,0,1,Undergraduate,Engineering,India,Tier 2,4,Yes
Education,HDFC,27,835,240000,240000,7200000,15,9,22000,1,PhD,Engineering,USA,Tier 1,3,Yes
Education,ICICI,19,620,40000,40000,2800000,15,1,10000,0,Undergraduate,Medical,India,Tier 3,5,Yes
Education,SBI,23,795,122000,122000,3600000,15,5,0,1,Postgraduate,Science,USA,Tier 1,2,Yes
Education,HDFC,20,725,74000,74000,1800000,12,2,0,1,Undergraduate,Arts,India,Tier 2,3,Yes
Education,ICICI,22,655,46000,46000,3200000,15,4,11000,0,Postgraduate,Engineering,Canada,Tier 2,2,Yes
Education,SBI,25,810,185000,185000,5800000,15,7,0,1,Postgraduate,Management,UK,Tier 1,2,Yes
Education,HDFC,21,750,90000,90000,2200000,12,3,0,1,Undergraduate,Engineering,India,Tier 1,4,Yes
Education,ICICI,20,680,55000,55000,1100000,10,2,0,1,Undergraduate,Science,India,Tier 3,3,Yes
Education,SBI,23,770,112000,112000,4000000,15,5,0,1,Postgraduate,Medical,Australia,Tier 1,3,Yes
Education,HDFC,26,635,44000,44000,3500000,15,4,13000,0,PhD,Arts,USA,Tier 3,4,Yes
Education,ICICI,22,825,210000,210000,6800000,15,4,18000,1,Postgraduate,Engineering,USA,Tier 1,2,Yes
Education,SBI,18,710,68000,68000,1400000,12,0,0,1,Undergraduate,Management,India,Tier 2,3,Yes
Education,HDFC,24,780,135000,135000,5200000,15,6,0,1,Postgraduate,Science,UK,Tier 1,2,Yes
Education,ICICI,21,610,38000,38000,2500000,15,3,9000,0,Undergraduate,Medical,India,Tier 3,5,Yes
Education,SBI,23,720,82000,82000,3000000,15,5,0,1,Postgraduate,Engineering,India,Tier 1,2,Yes
Education,HDFC,22,700,62000,62000,1300000,10,4,0,1,Postgraduate,Arts,India,Tier 2,2,Yes
Education,ICICI,20,795,140000,140000,4800000,15,2,0,1,Undergraduate,Engineering,USA,Tier 1,4,Yes
Education,SBI,19,660,45000,45000,1000000,8,1,5000,0,Undergraduate,Science,India,Tier 3,3,Yes
Education,HDFC,25,815,170000,170000,4800000,15,7,13000,1,Postgraduate,Management,Canada,Tier 1,2,Yes
Education,ICICI,22,740,92000,92000,2600000,15,4,0,1,Postgraduate,Engineering,UK,Tier 2,1,Yes
Education,SBI,21,695,58000,58000,900000,7,3,0,1,Undergraduate,Arts,India,Tier 3,3,Yes
Education,HDFC,24,790,130000,130000,5600000,15,6,0,1,Postgraduate,Medical,USA,Tier 1,3,Yes
Education,ICICI,23,640,42000,42000,3200000,15,4,12000,0,Postgraduate,Engineering,Australia,Tier 3,2,Yes
Education,SBI,22,755,102000,102000,2400000,12,4,0,1,Postgraduate,Science,India,Tier 2,2,Yes
Education,HDFC,19,805,195000,195000,6200000,15,1,0,1,Undergraduate,Medical,UK,Tier 1,5,Yes
Education,ICICI,21,725,88000,88000,2900000,15,3,8000,1,Undergraduate,Engineering,USA,Tier 2,4,Yes
Education,SBI,28,835,310000,310000,8200000,15,10,35000,1,PhD,Management,USA,Tier 1,4,Yes
Education,HDFC,23,675,55000,55000,1900000,12,5,11000,0,Postgraduate,Arts,India,Tier 3,2,Yes
Education,ICICI,20,710,66000,66000,1300000,10,2,0,1,Undergraduate,Science,India,Tier 2,3,Yes
Education,SBI,22,785,120000,120000,3900000,15,4,0,1,Postgraduate,Engineering,Australia,Tier 1,2,Yes
Education,HDFC,24,645,52000,52000,2600000,15,6,10000,0,Postgraduate,Science,Canada,Tier 2,2,Yes
Education,ICICI,21,780,150000,150000,4300000,15,3,0,1,Undergraduate,Engineering,USA,Tier 1,4,Yes
Education,SBI,19,730,75000,75000,1600000,12,1,0,1,Undergraduate,Management,India,Tier 2,3,Yes
Education,HDFC,26,820,180000,180000,5200000,15,8,16000,1,PhD,Science,UK,Tier 1,3,Yes
Education,ICICI,22,615,34000,34000,2100000,15,3,7000,0,Postgraduate,Arts,India,Tier 3,2,Yes
Education,SBI,23,730,85000,85000,3100000,15,5,0,1,Postgraduate,Management,India,Tier 1,2,Yes
Education,HDFC,21,700,65000,65000,1200000,8,3,0,1,Undergraduate,Engineering,India,Tier 3,4,Yes
Education,ICICI,20,750,110000,110000,4600000,15,2,0,1,Undergraduate,Medical,Australia,Tier 2,5,Yes
Education,SBI,24,680,62000,62000,2900000,15,6,12000,0,Postgraduate,Science,USA,Tier 2,2,Yes
Education,HDFC,22,820,225000,225000,7100000,15,4,21000,1,Postgraduate,Engineering,USA,Tier 1,2,Yes
Education,ICICI,18,730,80000,80000,1900000,12,0,0,1,Undergraduate,Arts,India,Tier 1,3,Yes
Education,SBI,25,740,95000,95000,4100000,15,7,0,1,PhD,Management,India,Tier 1,3,Yes
Education,HDFC,21,625,38000,38000,3100000,15,3,13000,0,Undergraduate,Medical,India,Tier 3,5,Yes
Education,ICICI,23,770,120000,120000,3600000,15,5,0,1,Postgraduate,Science,Canada,Tier 1,2,Yes
Education,SBI,20,715,62000,62000,1100000,10,2,0,1,Undergraduate,Science,India,Tier 2,3,Yes
Education,HDFC,22,750,86000,86000,2700000,12,4,0,1,Postgraduate,Engineering,UK,Tier 2,1,Yes
Education,ICICI,26,840,360000,360000,9200000,15,8,42000,1,PhD,Medical,USA,Tier 1,4,Yes
Education,SBI,21,655,44000,44000,2300000,15,3,8000,0,Undergraduate,Arts,Australia,Tier 3,3,Yes
Education,HDFC,24,755,115000,115000,4100000,15,6,0,1,Postgraduate,Management,USA,Tier 1,2,Yes
Education,ICICI,22,705,56000,56000,1500000,10,4,0,1,Postgraduate,Science,India,Tier 3,2,Yes
Education,SBI,19,745,82000,82000,1700000,12,1,0,1,Undergraduate,Engineering,India,Tier 2,4,Yes
Education,HDFC,23,725,72000,72000,3300000,15,5,11000,0,Postgraduate,Arts,UK,Tier 2,2,Yes
Education,ICICI,25,815,170000,170000,5600000,15,7,0,1,Postgraduate,Engineering,Canada,Tier 1,2,Yes
Education,SBI,20,790,135000,135000,4900000,15,2,0,1,Undergraduate,Medical,USA,Tier 1,5,Yes
Education,HDFC,22,680,53000,53000,2500000,15,4,9000,0,Postgraduate,Science,Australia,Tier 3,2,Yes
Education,ICICI,24,755,98000,98000,3100000,15,6,0,1,Postgraduate,Management,India,Tier 1,2,Yes
Education,SBI,21,720,68000,68000,1300000,8,3,0,1,Undergraduate,Engineering,India,Tier 2,4,Yes
Education,HDFC,27,845,250000,250000,7300000,15,9,23000,1,PhD,Engineering,USA,Tier 1,3,Yes
Education,ICICI,19,630,42000,42000,2900000,15,1,11000,0,Undergraduate,Medical,India,Tier 3,5,Yes
Education,SBI,23,805,125000,125000,3700000,15,5,0,1,Postgraduate,Science,USA,Tier 1,2,Yes
Education,HDFC,20,735,76000,76000,1900000,12,2,0,1,Undergraduate,Arts,India,Tier 2,3,Yes
Education,ICICI,22,665,48000,48000,3300000,15,4,12000,0,Postgraduate,Engineering,Canada,Tier 2,2,Yes
Education,SBI,25,820,190000,190000,5900000,15,7,0,1,Postgraduate,Management,UK,Tier 1,2,Yes
Education,HDFC,21,760,92000,92000,2300000,12,3,0,1,Undergraduate,Engineering,India,Tier 1,4,Yes
Education,ICICI,20,690,57000,57000,1200000,10,2,0,1,Undergraduate,Science,India,Tier 3,3,Yes
Education,SBI,23,780,115000,115000,4100000,15,5,0,1,Postgraduate,Medical,Australia,Tier 1,3,Yes
Education,HDFC,26,645,46000,46000,3600000,15,5,14000,0,PhD,Arts,USA,Tier 3,4,Yes
Education,ICICI,22,835,215000,215000,6900000,15,4,19000,1,Postgraduate,Engineering,USA,Tier 1,2,Yes
Education,SBI,18,720,70000,70000,1500000,12,0,0,1,Undergraduate,Management,India,Tier 2,3,Yes
Education,HDFC,24,790,138000,138000,5300000,15,6,0,1,Postgraduate,Science,UK,Tier 1,2,Yes
Education,ICICI,21,620,40000,40000,2600000,15,3,10000,0,Undergraduate,Medical,India,Tier 3,5,Yes
Education,SBI,23,730,85000,85000,3100000,15,5,0,1,Postgraduate,Engineering,India,Tier 1,2,Yes
Education,HDFC,22,710,64000,64000,1400000,10,4,0,1,Postgraduate,Arts,India,Tier 2,2,Yes
Education,ICICI,20,805,145000,145000,4900000,15,2,0,1,Undergraduate,Engineering,USA,Tier 1,4,Yes
Education,SBI,19,670,48000,48000,1100000,8,1,6000,0,Undergraduate,Science,India,Tier 3,3,Yes
Education,HDFC,25,825,175000,175000,4900000,15,7,14000,1,Postgraduate,Management,Canada,Tier 1,2,Yes
Education,ICICI,22,750,95000,95000,2700000,15,4,0,1,Postgraduate,Engineering,UK,Tier 2,1,Yes
Education,SBI,21,705,60000,60000,1000000,7,3,0,1,Undergraduate,Arts,India,Tier 3,3,Yes
Education,HDFC,24,800,135000,135000,5700000,15,6,0,1,Postgraduate,Medical,USA,Tier 1,3,Yes
Education,ICICI,23,650,44000,44000,3300000,15,5,13000,0,Postgraduate,Engineering,Australia,Tier 3,2,Yes
Education,SBI,22,765,105000,105000,2500000,12,4,0,1,Postgraduate,Science,India,Tier 2,2,Yes
Education,HDFC,19,815,200000,200000,6300000,15,1,0,1,Undergraduate,Medical,UK,Tier 1,5,Yes
Education,ICICI,21,735,90000,90000,3000000,15,3,9000,1,Undergraduate,Engineering,USA,Tier 2,4,Yes
Education,SBI,28,845,320000,320000,8400000,15,10,36000,1,PhD,Management,USA,Tier 1,4,Yes
Education,HDFC,23,685,57000,57000,2000000,12,5,12000,0,Postgraduate,Arts,India,Tier 3,2,Yes
Education,ICICI,20,720,68000,68000,1400000,10,2,0,1,Undergraduate,Science,India,Tier 2,3,Yes
Education,SBI,22,795,125000,125000,4000000,15,4,0,1,Postgraduate,Engineering,Australia,Tier 1,2,Yes
Education,HDFC,24,655,54000,54000,2700000,15,6,11000,0,Postgraduate,Science,Canada,Tier 2,2,Yes
Education,ICICI,21,790,155000,155000,4400000,15,3,0,1,Undergraduate,Engineering,USA,Tier 1,4,Yes
Education,SBI,19,740,78000,78000,1700000,12,1,0,1,Undergraduate,Management,India,Tier 2,3,Yes
Education,HDFC,26,830,185000,185000,5300000,15,8,17000,1,PhD,Science,UK,Tier 1,3,Yes
Education,ICICI,22,625,36000,36000,2200000,15,4,8000,0,Postgraduate,Arts,India,Tier 3,2,Yes
Education,HDFC,21,710,68000,68000,1300000,8,3,0,1,Undergraduate,Engineering,India,Tier 3,4,Yes
Education,ICICI,20,760,115000,115000,4700000,15,2,0,1,Undergraduate,Medical,Australia,Tier 2,5,Yes
Education,SBI,24,690,65000,65000,3000000,15,6,13000,0,Postgraduate,Science,USA,Tier 2,2,Yes
Education,HDFC,22,830,230000,230000,7200000,15,4,22000,1,Postgraduate,Engineering,USA,Tier 1,2,Yes
Education,ICICI,18,740,82000,82000,2000000,12,0,0,1,Undergraduate,Arts,India,Tier 1,3,Yes
Education,SBI,25,750,98000,98000,4200000,15,7,0,1,PhD,Management,India,Tier 1,3,Yes
Education,HDFC,21,635,40000,40000,3200000,15,3,14000,0,Undergraduate,Medical,India,Tier 3,5,Yes
Education,ICICI,23,780,125000,125000,3700000,15,5,0,1,Postgraduate,Science,Canada,Tier 1,2,Yes
Education,SBI,20,725,65000,65000,1200000,10,2,0,1,Undergraduate,Science,India,Tier 2,3,Yes
Education,HDFC,22,760,88000,88000,2800000,12,4,0,1,Postgraduate,Engineering,UK,Tier 2,1,Yes
Education,ICICI,26,850,370000,370000,9400000,15,8,44000,1,PhD,Medical,USA,Tier 1,4,Yes
Education,SBI,21,665,46000,46000,2400000,15,3,9000,0,Undergraduate,Arts,Australia,Tier 3,3,Yes
Education,HDFC,24,765,120000,120000,4200000,15,6,0,1,Postgraduate,Management,USA,Tier 1,2,Yes
Education,ICICI,22,715,58000,58000,1600000,10,4,0,1,Postgraduate,Science,India,Tier 3,2,Yes
Education,SBI,19,755,85000,85000,1800000,12,1,0,1,Undergraduate,Engineering,India,Tier 2,4,Yes
Education,HDFC,23,735,75000,75000,3400000,15,5,12000,0,Postgraduate,Arts,UK,Tier 2,2,Yes
Education,ICICI,25,825,175000,175000,5700000,15,7,0,1,Postgraduate,Engineering,Canada,Tier 1,2,Yes
Education,SBI,20,800,140000,140000,5000000,15,2,0,1,Undergraduate,Medical,USA,Tier 1,5,Yes
Education,HDFC,22,690,55000,55000,2600000,15,4,10000,0,Postgraduate,Science,Australia,Tier 3,2,Yes
Education,ICICI,24,765,100000,100000,3200000,15,6,0,1,Postgraduate,Management,India,Tier 1,2,Yes
Education,SBI,21,730,70000,70000,1400000,8,3,0,1,Undergraduate,Engineering,India,Tier 2,4,Yes
Education,HDFC,27,850,260000,260000,7400000,15,9,24000,1,PhD,Engineering,USA,Tier 1,3,Yes
Education,ICICI,19,640,44000,44000,3000000,15,1,12000,0,Undergraduate,Medical,India,Tier 3,5,Yes
Education,SBI,23,815,130000,130000,3800000,15,5,0,1,Postgraduate,Science,USA,Tier 1,2,Yes
Education,HDFC,20,745,78000,78000,2000000,12,2,0,1,Undergraduate,Arts,India,Tier 2,3,Yes
Education,ICICI,22,675,50000,50000,3400000,15,4,13000,0,Postgraduate,Engineering,Canada,Tier 2,2,Yes
Education,SBI,25,830,195000,195000,6000000,15,7,0,1,Postgraduate,Management,UK,Tier 1,2,Yes
Education,HDFC,21,770,95000,95000,2400000,12,3,0,1,Undergraduate,Engineering,India,Tier 1,4,Yes
Education,ICICI,20,700,59000,59000,1300000,10,2,0,1,Undergraduate,Science,India,Tier 3,3,Yes
Education,SBI,23,790,118000,118000,4200000,15,5,0,1,Postgraduate,Medical,Australia,Tier 1,3,Yes
Education,HDFC,26,655,48000,48000,3700000,15,6,15000,0,PhD,Arts,USA,Tier 3,4,Yes
Education,ICICI,22,845,220000,220000,7000000,15,4,20000,1,Postgraduate,Engineering,USA,Tier 1,2,Yes
Education,SBI,18,730,72000,72000,1600000,12,0,0,1,Undergraduate,Management,India,Tier 2,3,Yes
Education,HDFC,24,800,141000,141000,5400000,15,6,0,1,Postgraduate,Science,UK,Tier 1,2,Yes
Education,ICICI,21,630,42000,42000,2700000,15,3,11000,0,Undergraduate,Medical,India,Tier 3,5,Yes
Education,SBI,23,740,88000,88000,3200000,15,5,0,1,Postgraduate,Engineering,India,Tier 1,2,Yes
Education,HDFC,22,720,66000,66000,1500000,10,4,0,1,Postgraduate,Arts,India,Tier 2,2,Yes
Education,ICICI,20,815,150000,150000,5000000,15,2,0,1,Undergraduate,Engineering,USA,Tier 1,4,Yes
Education,SBI,19,680,51000,51000,1200000,8,1,7000,0,Undergraduate,Science,India,Tier 3,3,Yes
Education,HDFC,25,835,180000,180000,5000000,15,7,15000,1,Postgraduate,Management,Canada,Tier 1,2,Yes
Education,ICICI,22,760,98000,98000,2800000,15,4,0,1,Postgraduate,Engineering,UK,Tier 2,1,Yes
Education,SBI,21,715,62000,62000,1100000,7,3,0,1,Undergraduate,Arts,India,Tier 3,3,Yes
Education,HDFC,24,810,140000,140000,5800000,15,6,0,1,Postgraduate,Medical,USA,Tier 1,3,Yes
Education,ICICI,23,660,46000,46000,3400000,15,5,14000,0,Postgraduate,Engineering,Australia,Tier 3,2,Yes
Education,SBI,22,775,108000,108000,2600000,12,4,0,1,Postgraduate,Science,India,Tier 2,2,Yes
Education,HDFC,19,825,205000,205000,6400000,15,1,0,1,Undergraduate,Medical,UK,Tier 1,5,Yes
Education,ICICI,21,745,92000,92000,3100000,15,3,10000,1,Undergraduate,Engineering,USA,Tier 2,4,Yes
Education,SBI,28,850,330000,330000,8600000,15,10,37000,1,PhD,Management,USA,Tier 1,4,Yes
Education,HDFC,23,695,59000,59000,2100000,12,5,13000,0,Postgraduate,Arts,India,Tier 3,2,Yes
Education,ICICI,20,730,70000,70000,1500000,10,2,0,1,Undergraduate,Science,India,Tier 2,3,Yes
Education,SBI,22,805,130000,130000,4100000,15,4,0,1,Postgraduate,Engineering,Australia,Tier 1,2,Yes
Education,HDFC,24,665,56000,56000,2800000,15,6,12000,0,Postgraduate,Science,Canada,Tier 2,2,Yes
Education,ICICI,21,800,160000,160000,4500000,15,3,0,1,Undergraduate,Engineering,USA,Tier 1,4,Yes
Education,SBI,19,750,81000,81000,1800000,12,1,0,1,Undergraduate,Management,India,Tier 2,3,Yes
Education,HDFC,26,840,190000,190000,5400000,15,8,18000,1,PhD,Science,UK,Tier 1,3,Yes
Education,ICICI,22,635,38000,38000,2300000,15,4,9000,0,Postgraduate,Arts,India,Tier 3,2,Yes
Education,SBI,23,750,91000,91000,3300000,15,5,0,1,Postgraduate,Management,India,Tier 1,2,Yes
Education,HDFC,21,720,71000,71000,1400000,8,3,0,1,Undergraduate,Engineering,India,Tier 3,4,Yes
Education,ICICI,20,770,120000,120000,4800000,15,2,0,1,Undergraduate,Medical,Australia,Tier 2,5,Yes
Education,SBI,24,700,68000,68000,3100000,15,6,14000,0,Postgraduate,Science,USA,Tier 2,2,Yes
Education,HDFC,22,840,235000,235000,7300000,15,4,23000,1,Postgraduate,Engineering,USA,Tier 1,2,Yes
Education,ICICI,18,750,85000,85000,2100000,12,0,0,1,Undergraduate,Arts,India,Tier 1,3,Yes
Education,SBI,25,760,101000,101000,4300000,15,7,0,1,PhD,Management,India,Tier 1,3,Yes
Education,HDFC,21,645,42000,42000,3300000,15,3,15000,0,Undergraduate,Medical,India,Tier 3,5,Yes
Education,ICICI,23,790,130000,130000,3800000,15,5,0,1,Postgraduate,Science,Canada,Tier 1,2,Yes
Education,SBI,20,735,68000,68000,1300000,10,2,0,1,Undergraduate,Science,India,Tier 2,3,Yes
Education,HDFC,22,770,91000,91000,2900000,12,4,0,1,Postgraduate,Engineering,UK,Tier 2,1,Yes
Education,ICICI,26,850,380000,380000,9600000,15,8,46000,1,PhD,Medical,USA,Tier 1,4,Yes
Education,SBI,21,675,48000,48000,2500000,15,3,10000,0,Undergraduate,Arts,Australia,Tier 3,3,Yes
Education,HDFC,24,775,125000,125000,4300000,15,6,0,1,Postgraduate,Management,USA,Tier 1,2,Yes
Education,ICICI,22,725,60000,60000,1700000,10,4,0,1,Postgraduate,Science,India,Tier 3,2,Yes
Education,SBI,19,765,88000,88000,1900000,12,1,0,1,Undergraduate,Engineering,India,Tier 2,4,Yes
Education,HDFC,23,745,78000,78000,3500000,15,5,13000,0,Postgraduate,Arts,UK,Tier 2,2,Yes
Education,ICICI,25,835,180000,180000,5800000,15,7,0,1,Postgraduate,Engineering,Canada,Tier 1,2,Yes
Education,SBI,20,810,145000,145000,5100000,15,2,0,1,Undergraduate,Medical,USA,Tier 1,5,Yes
Education,HDFC,22,700,58000,58000,2700000,15,4,11000,0,Postgraduate,Science,Australia,Tier 3,2,Yes
Education,ICICI,24,775,105000,105000,3300000,15,6,0,1,Postgraduate,Management,India,Tier 1,2,Yes
Education,SBI,21,740,73000,73000,1500000,8,3,0,1,Undergraduate,Engineering,India,Tier 2,4,Yes
Education,HDFC,27,850,270000,270000,7500000,15,9,25000,1,PhD,Engineering,USA,Tier 1,3,Yes
Education,ICICI,19,650,46000,46000,3100000,15,1,13000,0,Undergraduate,Medical,India,Tier 3,5,Yes
Education,SBI,23,825,135000,135000,3900000,15,5,0,1,Postgraduate,Science,USA,Tier 1,2,Yes
Education,HDFC,20,755,81000,81000,2100000,12,2,0,1,Undergraduate,Arts,India,Tier 2,3,Yes
Education,ICICI,22,685,53000,53000,3500000,15,4,14000,0,Postgraduate,Engineering,Canada,Tier 2,2,Yes
Education,SBI,25,840,200000,200000,6100000,15,7,0,1,Postgraduate,Management,UK,Tier 1,2,Yes
Education,HDFC,21,780,98000,98000,2500000,12,3,0,1,Undergraduate,Engineering,India,Tier 1,4,Yes
Education,ICICI,20,710,61000,61000,1400000,10,2,0,1,Undergraduate,Science,India,Tier 3,3,Yes
Education,SBI,23,800,121000,121000,4300000,15,5,0,1,Postgraduate,Medical,Australia,Tier 1,3,Yes
Education,HDFC,26,665,50000,50000,3800000,15,7,16000,0,PhD,Arts,USA,Tier 3,4,Yes
Education,ICICI,22,850,225000,225000,7100000,15,4,21000,1,Postgraduate,Engineering,USA,Tier 1,2,Yes
Education,SBI,18,740,75000,75000,1700000,12,0,0,1,Undergraduate,Management,India,Tier 2,3,Yes
Education,HDFC,24,810,144000,144000,5500000,15,6,0,1,Postgraduate,Science,UK,Tier 1,2,Yes
Education,ICICI,21,640,44000,44000,2800000,15,3,12000,0,Undergraduate,Medical,India,Tier 3,5,Yes
Education,SBI,23,750,91000,91000,3300000,15,5,0,1,Postgraduate,Engineering,India,Tier 1,2,Yes
Education,HDFC,22,730,68000,68000,1600000,10,4,0,1,Postgraduate,Arts,India,Tier 2,2,Yes
Education,ICICI,20,825,155000,155000,5100000,15,2,0,1,Undergraduate,Engineering,USA,Tier 1,4,Yes
Education,SBI,19,690,54000,54000,1300000,8,1,8000,0,Undergraduate,Science,India,Tier 3,3,Yes
Education,HDFC,25,845,185000,185000,5100000,15,7,16000,1,Postgraduate,Management,Canada,Tier 1,2,Yes
Education,ICICI,22,770,101000,101000,2900000,15,4,0,1,Postgraduate,Engineering,UK,Tier 2,1,Yes
Education,SBI,21,725,65000,65000,1200000,7,3,0,1,Undergraduate,Arts,India,Tier 3,3,Yes
Education,HDFC,24,820,145000,145000,5900000,15,6,0,1,Postgraduate,Medical,USA,Tier 1,3,Yes
Education,ICICI,23,670,48000,48000,3500000,15,5,15000,0,Postgraduate,Engineering,Australia,Tier 3,2,Yes
Education,SBI,22,785,111000,111000,2700000,12,4,0,1,Postgraduate,Science,India,Tier 2,2,Yes
Education,HDFC,19,835,210000,210000,6500000,15,1,0,1,Undergraduate,Medical,UK,Tier 1,5,Yes
Education,ICICI,21,755,95000,95000,3200000,15,3,11000,1,Undergraduate,Engineering,USA,Tier 2,4,Yes
Education,SBI,28,850,340000,340000,8800000,15,10,38000,1,PhD,Management,USA,Tier 1,4,Yes
Education,HDFC,23,705,62000,62000,2200000,12,5,14000,0,Postgraduate,Arts,India,Tier 3,2,Yes
Education,ICICI,20,740,73000,73000,1600000,10,2,0,1,Undergraduate,Science,India,Tier 2,3,Yes
Education,SBI,22,815,135000,135000,4200000,15,4,0,1,Postgraduate,Engineering,Australia,Tier 1,2,Yes
Education,HDFC,24,675,59000,59000,2900000,15,6,13000,0,Postgraduate,Science,Canada,Tier 2,2,Yes
Education,ICICI,21,810,165000,165000,4600000,15,3,0,1,Undergraduate,Engineering,USA,Tier 1,4,Yes
Education,SBI,19,760,84000,84000,1900000,12,1,0,1,Undergraduate,Management,India,Tier 2,3,Yes
Education,HDFC,26,850,195000,195000,5500000,15,8,19000,1,PhD,Science,UK,Tier 1,3,Yes
Education,ICICI,22,645,41000,41000,2400000,15,4,10000,0,Postgraduate,Arts,India,Tier 3,2,Yes
Education,SBI,23,760,94000,94000,3400000,15,5,0,1,Postgraduate,Management,India,Tier 1,2,Yes
Education,HDFC,21,730,74000,74000,1500000,8,3,0,1,Undergraduate,Engineering,India,Tier 3,4,Yes
Education,ICICI,20,780,125000,125000,4900000,15,2,0,1,Undergraduate,Medical,Australia,Tier 2,5,Yes
Education,SBI,24,710,71000,71000,3200000,15,6,15000,0,Postgraduate,Science,USA,Tier 2,2,Yes
Education,HDFC,22,850,240000,240000,7400000,15,4,24000,1,Postgraduate,Engineering,USA,Tier 1,2,Yes
Education,ICICI,18,760,88000,88000,2200000,12,0,0,1,Undergraduate,Arts,India,Tier 1,3,Yes
Education,SBI,25,770,104000,104000,4400000,15,7,0,1,PhD,Management,India,Tier 1,3,Yes
Education,HDFC,21,655,45000,45000,3400000,15,3,16000,0,Undergraduate,Medical,India,Tier 3,5,Yes
Education,ICICI,23,800,135000,135000,3900000,15,5,0,1,Postgraduate,Science,Canada,Tier 1,2,Yes
Education,SBI,20,745,71000,71000,1400000,10,2,0,1,Undergraduate,Science,India,Tier 2,3,Yes
Education,HDFC,22,780,94000,94000,3000000,12,4,0,1,Postgraduate,Engineering,UK,Tier 2,1,Yes
Education,ICICI,26,850,390000,390000,9800000,15,8,48000,1,PhD,Medical,USA,Tier 1,4,Yes
Education,SBI,21,685,51000,51000,2600000,15,3,11000,0,Undergraduate,Arts,Australia,Tier 3,3,Yes
Education,HDFC,24,785,130000,130000,4400000,15,6,0,1,Postgraduate,Management,USA,Tier 1,2,Yes
Education,ICICI,22,735,63000,63000,1800000,10,4,0,1,Postgraduate,Science,India,Tier 3,2,Yes
Education,SBI,19,775,91000,91000,2000000,12,1,0,1,Undergraduate,Engineering,India,Tier 2,4,Yes
Education,HDFC,23,755,81000,81000,3600000,15,5,14000,0,Postgraduate,Arts,UK,Tier 2,2,Yes
Education,ICICI,25,845,185000,185000,5900000,15,7,0,1,Postgraduate,Engineering,Canada,Tier 1,2,Yes
Education,SBI,20,820,150000,150000,5200000,15,2,0,1,Undergraduate,Medical,USA,Tier 1,5,Yes
Education,HDFC,22,710,61000,61000,2800000,15,4,12000,0,Postgraduate,Science,Australia,Tier 3,2,Yes
Education,ICICI,24,785,110000,110000,3400000,15,6,0,1,Postgraduate,Management,India,Tier 1,2,Yes
Education,SBI,21,750,76000,76000,1600000,8,3,0,1,Undergraduate,Engineering,India,Tier 2,4,Yes
Education,HDFC,27,850,280000,280000,7600000,15,9,26000,1,PhD,Engineering,USA,Tier 1,3,Yes
Education,ICICI,19,660,49000,49000,3200000,15,1,14000,0,Undergraduate,Medical,India,Tier 3,5,Yes
Education,SBI,23,835,140000,140000,4000000,15,5,0,1,Postgraduate,Science,USA,Tier 1,2,Yes
Education,HDFC,20,765,84000,84000,2200000,12,2,0,1,Undergraduate,Arts,India,Tier 2,3,Yes
Education,ICICI,22,695,56000,56000,3600000,15,4,15000,0,Postgraduate,Engineering,Canada,Tier 2,2,Yes
Education,SBI,25,850,205000,205000,6200000,15,7,0,1,Postgraduate,Management,UK,Tier 1,2,Yes
Education,HDFC,21,790,101000,101000,2600000,12,3,0,1,Undergraduate,Engineering,India,Tier 1,4,Yes
Education,ICICI,20,720,64000,64000,1500000,10,2,0,1,Undergraduate,Science,India,Tier 3,3,Yes
Education,SBI,23,810,124000,124000,4400000,15,5,0,1,Postgraduate,Medical,Australia,Tier 1,3,Yes
Education,HDFC,26,675,53000,53000,3900000,15,8,17000,0,PhD,Arts,USA,Tier 3,4,Yes
Education,ICICI,22,850,230000,230000,7200000,15,4,22000,1,Postgraduate,Engineering,USA,Tier 1,2,Yes
Education,SBI,18,750,78000,78000,1800000,12,0,0,1,Undergraduate,Management,India,Tier 2,3,Yes
Education,HDFC,24,820,147000,147000,5600000,15,6,0,1,Postgraduate,Science,UK,Tier 1,2,Yes
Education,ICICI,21,650,47000,47000,2900000,15,3,13000,0,Undergraduate,Medical,India,Tier 3,5,Yes
Education,SBI,23,760,94000,94000,3400000,15,5,0,1,Postgraduate,Engineering,India,Tier 1,2,Yes
Education,HDFC,22,740,71000,71000,1700000,10,4,0,1,Postgraduate,Arts,India,Tier 2,2,Yes
Education,ICICI,20,835,160000,160000,5200000,15,2,0,1,Undergraduate,Engineering,USA,Tier 1,4,Yes
Education,SBI,19,700,57000,57000,1400000,8,1,9000,0,Undergraduate,Science,India,Tier 3,3,Yes
Education,HDFC,25,850,190000,190000,5200000,15,7,17000,1,Postgraduate,Management,Canada,Tier 1,2,Yes
Education,ICICI,22,780,104000,104000,3000000,15,4,0,1,Postgraduate,Engineering,UK,Tier 2,1,Yes
Education,SBI,21,735,68000,68000,1300000,7,3,0,1,Undergraduate,Arts,India,Tier 3,3,Yes
Education,HDFC,24,830,150000,150000,6000000,15,6,0,1,Postgraduate,Medical,USA,Tier 1,3,Yes
Education,ICICI,23,680,51000,51000,3600000,15,5,16000,0,Postgraduate,Engineering,Australia,Tier 3,2,Yes
Education,SBI,22,795,114000,114000,2800000,12,4,0,1,Postgraduate,Science,India,Tier 2,2,Yes
Education,HDFC,19,845,215000,215000,6600000,15,1,0,1,Undergraduate,Medical,UK,Tier 1,5,Yes
Education,ICICI,21,765,98000,98000,3300000,15,3,12000,1,Undergraduate,Engineering,USA,Tier 2,4,Yes
Education,SBI,28,850,350000,350000,9000000,15,10,39000,1,PhD,Management,USA,Tier 1,4,Yes
Education,HDFC,23,715,65000,65000,2300000,12,5,15000,0,Postgraduate,Arts,India,Tier 3,2,Yes
Education,ICICI,20,750,76000,76000,1600000,10,2,0,1,Undergraduate,Science,India,Tier 2,3,Yes
Education,SBI,22,825,140000,140000,4300000,15,4,0,1,Postgraduate,Engineering,Australia,Tier 1,2,Yes
Education,HDFC,24,685,62000,62000,3000000,15,6,14000,0,Postgraduate,Science,Canada,Tier 2,2,Yes
Education,ICICI,21,820,170000,170000,4700000,15,3,0,1,Undergraduate,Engineering,USA,Tier 1,4,Yes
Education,SBI,19,770,87000,87000,2000000,12,1,0,1,Undergraduate,Management,India,Tier 2,3,Yes
Education,HDFC,26,850,200000,200000,5600000,15,8,20000,1,PhD,Science,UK,Tier 1,3,Yes
Education,ICICI,22,655,44000,44000,2500000,15,4,11000,0,Postgraduate,Arts,India,Tier 3,2,Yes
Education,SBI,23,770,97000,97000,3500000,15,5,0,1,Postgraduate,Management,India,Tier 1,2,Yes
Education,HDFC,21,740,77000,77000,1600000,8,3,0,1,Undergraduate,Engineering,India,Tier 3,4,Yes
Education,ICICI,20,790,130000,130000,5000000,15,2,0,1,Undergraduate,Medical,Australia,Tier 2,5,Yes
Education,SBI,24,720,74000,74000,3300000,15,6,16000,0,Postgraduate,Science,USA,Tier 2,2,Yes
Education,HDFC,22,850,245000,245000,7500000,15,4,25000,1,Postgraduate,Engineering,USA,Tier 1,2,Yes
Education,ICICI,18,770,91000,91000,2300000,12,0,0,1,Undergraduate,Arts,India,Tier 1,3,Yes
Education,SBI,25,780,107000,107000,4500000,15,7,0,1,PhD,Management,India,Tier 1,3,Yes
Education,HDFC,21,665,48000,48000,3500000,15,3,17000,0,Undergraduate,Medical,India,Tier 3,5,Yes
Education,ICICI,23,810,140000,140000,4000000,15,5,0,1,Postgraduate,Science,Canada,Tier 1,2,Yes
Education,SBI,20,755,74000,74000,1500000,10,2,0,1,Undergraduate,Science,India,Tier 2,3,Yes
Education,HDFC,22,790,97000,97000,3100000,12,4,0,1,Postgraduate,Engineering,UK,Tier 2,1,Yes
Education,ICICI,26,850,400000,400000,10000000,15,8,50000,1,PhD,Medical,USA,Tier 1,4,Yes
Education,SBI,21,695,54000,54000,2700000,15,3,12000,0,Undergraduate,Arts,Australia,Tier 3,3,Yes
Education,HDFC,24,795,135000,135000,4500000,15,6,0,1,Postgraduate,Management,USA,Tier 1,2,Yes
Education,ICICI,22,745,66000,66000,1900000,10,4,0,1,Postgraduate,Science,India,Tier 3,2,Yes
Education,SBI,19,785,94000,94000,2100000,12,1,0,1,Undergraduate,Engineering,India,Tier 2,4,Yes
Education,HDFC,23,765,84000,84000,3700000,15,5,15000,0,Postgraduate,Arts,UK,Tier 2,2,Yes
Education,ICICI,25,850,190000,190000,6000000,15,7,0,1,Postgraduate,Engineering,Canada,Tier 1,2,Yes
Education,SBI,20,830,155000,155000,5300000,15,2,0,1,Undergraduate,Medical,USA,Tier 1,5,Yes
Education,HDFC,22,720,64000,64000,2900000,15,4,13000,0,Postgraduate,Science,Australia,Tier 3,2,Yes
Education,ICICI,24,795,115000,115000,3500000,15,6,0,1,Postgraduate,Management,India,Tier 1,2,Yes
Education,SBI,21,760,79000,79000,1700000,8,3,0,1,Undergraduate,Engineering,India,Tier 2,4,Yes
Education,HDFC,27,850,290000,290000,7700000,15,9,27000,1,PhD,Engineering,USA,Tier 1,3,Yes
Education,ICICI,19,670,52000,52000,3300000,15,1,15000,0,Undergraduate,Medical,India,Tier 3,5,Yes
Education,SBI,23,845,145000,145000,4100000,15,5,0,1,Postgraduate,Science,USA,Tier 1,2,Yes
Education,HDFC,20,775,87000,87000,2300000,12,2,0,1,Undergraduate,Arts,India,Tier 2,3,Yes
Education,ICICI,22,705,59000,59000,3700000,15,4,16000,0,Postgraduate,Engineering,Canada,Tier 2,2,Yes
Education,SBI,25,850,210000,210000,6300000,15,7,0,1,Postgraduate,Management,UK,Tier 1,2,Yes
Education,HDFC,21,800,104000,104000,2700000,12,3,0,1,Undergraduate,Engineering,India,Tier 1,4,Yes
Education,ICICI,20,730,67000,67000,1600000,10,2,0,1,Undergraduate,Science,India,Tier 3,3,Yes
Education,SBI,23,820,127000,127000,4500000,15,5,0,1,Postgraduate,Medical,Australia,Tier 1,3,Yes
Education,HDFC,26,685,56000,56000,4000000,15,8,18000,0,PhD,Arts,USA,Tier 3,4,Yes
Education,ICICI,22,850,235000,235000,7300000,15,4,23000,1,Postgraduate,Engineering,USA,Tier 1,2,Yes
Education,SBI,18,760,81000,81000,1900000,12,0,0,1,Undergraduate,Management,India,Tier 2,3,Yes
Education,HDFC,24,830,150000,150000,5700000,15,6,0,1,Postgraduate,Science,UK,Tier 1,2,Yes
Education,ICICI,21,660,50000,50000,3000000,15,3,14000,0,Undergraduate,Medical,India,Tier 3,5,Yes
Education,SBI,23,770,97000,97000,3500000,15,5,0,1,Postgraduate,Engineering,India,Tier 1,2,Yes
Education,HDFC,22,750,74000,74000,1800000,10,4,0,1,Postgraduate,Arts,India,Tier 2,2,Yes
Education,ICICI,20,845,165000,165000,5300000,15,2,0,1,Undergraduate,Engineering,USA,Tier 1,4,Yes
Education,SBI,19,710,60000,60000,1500000,8,1,10000,0,Undergraduate,Science,India,Tier 3,3,Yes
Education,HDFC,25,850,195000,195000,5300000,15,7,18000,1,Postgraduate,Management,Canada,Tier 1,2,Yes
Education,ICICI,22,790,107000,107000,3100000,15,4,0,1,Postgraduate,Engineering,UK,Tier 2,1,Yes
Education,SBI,21,745,71000,71000,1400000,7,3,0,1,Undergraduate,Arts,India,Tier 3,3,Yes
Education,HDFC,24,840,155000,155000,6100000,15,6,0,1,Postgraduate,Medical,USA,Tier 1,3,Yes
Education,ICICI,23,690,54000,54000,3700000,15,5,17000,0,Postgraduate,Engineering,Australia,Tier 3,2,Yes
Education,SBI,22,805,117000,117000,2900000,12,4,0,1,Postgraduate,Science,India,Tier 2,2,Yes
Education,HDFC,19,850,220000,220000,6700000,15,1,0,1,Undergraduate,Medical,UK,Tier 1,5,Yes
Education,ICICI,21,775,101000,101000,3400000,15,3,13000,1,Undergraduate,Engineering,USA,Tier 2,4,Yes
Education,SBI,28,850,360000,360000,9200000,15,10,40000,1,PhD,Management,USA,Tier 1,4,Yes
Education,HDFC,23,725,68000,68000,2400000,12,5,16000,0,Postgraduate,Arts,India,Tier 3,2,Yes
Education,ICICI,20,760,79000,79000,1700000,10,2,0,1,Undergraduate,Science,India,Tier 2,3,Yes
Education,SBI,22,835,145000,145000,4400000,15,4,0,1,Postgraduate,Engineering,Australia,Tier 1,2,Yes
Education,HDFC,24,695,65000,65000,3100000,15,6,15000,0,Postgraduate,Science,Canada,Tier 2,2,Yes
Education,ICICI,21,830,175000,175000,4800000,15,3,0,1,Undergraduate,Engineering,USA,Tier 1,4,Yes
Education,SBI,19,780,90000,90000,2100000,12,1,0,1,Undergraduate,Management,India,Tier 2,3,Yes
Education,HDFC,26,850,205000,205000,5700000,15,8,21000,1,PhD,Science,UK,Tier 1,3,Yes
Education,ICICI,22,665,47000,47000,2600000,15,4,12000,0,Postgraduate,Arts,India,Tier 3,2,Yes
Education,SBI,23,780,100000,100000,3600000,15,5,0,1,Postgraduate,Management,India,Tier 1,2,Yes
Education,HDFC,21,750,80000,80000,1700000,8,3,0,1,Undergraduate,Engineering,India,Tier 3,4,Yes
Education,ICICI,20,800,135000,135000,5100000,15,2,0,1,Undergraduate,Medical,Australia,Tier 2,5,Yes
Education,SBI,24,730,77000,77000,3400000,15,6,17000,0,Postgraduate,Science,USA,Tier 2,2,Yes
Education,HDFC,22,850,250000,250000,7600000,15,4,26000,1,Postgraduate,Engineering,USA,Tier 1,2,Yes
Education,ICICI,18,780,94000,94000,2400000,12,0,0,1,Undergraduate,Arts,India,Tier 1,3,Yes
Education,SBI,25,790,110000,110000,4600000,15,7,0,1,PhD,Management,India,Tier 1,3,Yes
Education,HDFC,21,675,51000,51000,3600000,15,3,18000,0,Undergraduate,Medical,India,Tier 3,5,Yes
Education,ICICI,23,820,145000,145000,4100000,15,5,0,1,Postgraduate,Science,Canada,Tier 1,2,Yes
Education,SBI,20,765,77000,77000,1600000,10,2,0,1,Undergraduate,Science,India,Tier 2,3,Yes
Education,HDFC,22,800,100000,100000,3200000,12,4,0,1,Postgraduate,Engineering,UK,Tier 2,1,Yes
Education,ICICI,26,850,410000,410000,10000000,15,8,50000,1,PhD,Medical,USA,Tier 1,4,Yes
Education,SBI,21,705,57000,57000,2800000,15,3,13000,0,Undergraduate,Arts,Australia,Tier 3,3,Yes
Education,HDFC,24,805,140000,140000,4600000,15,6,0,1,Postgraduate,Management,USA,Tier 1,2,Yes
Education,ICICI,22,755,69000,69000,2000000,10,4,0,1,Postgraduate,Science,India,Tier 3,2,Yes
Education,SBI,19,795,97000,97000,2200000,12,1,0,1,Undergraduate,Engineering,India,Tier 2,4,Yes
Education,HDFC,23,775,87000,87000,3800000,15,5,16000,0,Postgraduate,Arts,UK,Tier 2,2,Yes
Education,ICICI,25,850,195000,195000,6100000,15,7,0,1,Postgraduate,Engineering,Canada,Tier 1,2,Yes
Education,SBI,20,840,160000,160000,5400000,15,2,0,1,Undergraduate,Medical,USA,Tier 1,5,Yes
Education,HDFC,22,730,67000,67000,3000000,15,4,14000,0,Postgraduate,Science,Australia,Tier 3,2,Yes
Education,ICICI,24,805,120000,120000,3600000,15,6,0,1,Postgraduate,Management,India,Tier 1,2,Yes
Education,SBI,21,770,82000,82000,1800000,8,3,0,1,Undergraduate,Engineering,India,Tier 2,4,Yes
Education,HDFC,27,850,300000,300000,7800000,15,9,28000,1,PhD,Engineering,USA,Tier 1,3,Yes
Education,ICICI,19,680,55000,55000,3400000,15,1,16000,0,Undergraduate,Medical,India,Tier 3,5,Yes
Education,SBI,23,850,150000,150000,4200000,15,5,0,1,Postgraduate,Science,USA,Tier 1,2,Yes
Education,HDFC,20,785,90000,90000,2400000,12,2,0,1,Undergraduate,Arts,India,Tier 2,3,Yes
Education,ICICI,22,715,62000,62000,3800000,15,4,17000,0,Postgraduate,Engineering,Canada,Tier 2,2,Yes
Education,SBI,25,850,215000,215000,6400000,15,7,0,1,Postgraduate,Management,UK,Tier 1,2,Yes
Education,HDFC,21,810,107000,107000,2800000,12,3,0,1,Undergraduate,Engineering,India,Tier 1,4,Yes
Education,ICICI,20,740,70000,70000,1700000,10,2,0,1,Undergraduate,Science,India,Tier 3,3,Yes
Education,SBI,23,830,130000,130000,4600000,15,5,0,1,Postgraduate,Medical,Australia,Tier 1,3,Yes
Education,HDFC,26,695,59000,59000,4100000,15,8,19000,0,PhD,Arts,USA,Tier 3,4,Yes
Education,ICICI,22,850,240000,240000,7400000,15,4,24000,1,Postgraduate,Engineering,USA,Tier 1,2,Yes
Education,SBI,18,770,84000,84000,2000000,12,0,0,1,Undergraduate,Management,India,Tier 2,3,Yes
Education,HDFC,24,840,153000,153000,5800000,15,6,0,1,Postgraduate,Science,UK,Tier 1,2,Yes
Education,ICICI,21,670,53000,53000,3100000,15,3,15000,0,Undergraduate,Medical,India,Tier 3,5,Yes
Education,SBI,23,780,100000,100000,3600000,15,5,0,1,Postgraduate,Engineering,India,Tier 1,2,Yes
Education,HDFC,22,760,77000,77000,1900000,10,4,0,1,Postgraduate,Arts,India,Tier 2,2,Yes
Education,ICICI,20,850,170000,170000,5400000,15,2,0,1,Undergraduate,Engineering,USA,Tier 1,4,Yes
Education,SBI,19,720,63000,63000,1600000,8,1,11000,0,Undergraduate,Science,India,Tier 3,3,Yes
Education,HDFC,25,850,200000,200000,5400000,15,7,19000,1,Postgraduate,Management,Canada,Tier 1,2,Yes
Education,ICICI,22,800,110000,110000,3200000,15,4,0,1,Postgraduate,Engineering,UK,Tier 2,1,Yes
Education,SBI,21,755,74000,74000,1500000,7,3,0,1,Undergraduate,Arts,India,Tier 3,3,Yes
Education,HDFC,24,850,160000,160000,6200000,15,6,0,1,Postgraduate,Medical,USA,Tier 1,3,Yes
Education,ICICI,23,700,57000,57000,3800000,15,5,18000,0,Postgraduate,Engineering,Australia,Tier 3,2,Yes
Education,SBI,22,815,120000,120000,3000000,12,4,0,1,Postgraduate,Science,India,Tier 2,2,Yes
Education,HDFC,19,850,225000,225000,6800000,15,1,0,1,Undergraduate,Medical,UK,Tier 1,5,Yes
Education,ICICI,21,785,104000,104000,3500000,15,3,14000,1,Undergraduate,Engineering,USA,Tier 2,4,Yes
Education,SBI,28,850,370000,370000,9400000,15,10,41000,1,PhD,Management,USA,Tier 1,4,Yes
Education,HDFC,23,735,71000,71000,2500000,12,5,17000,0,Postgraduate,Arts,India,Tier 3,2,Yes
Education,ICICI,20,770,82000,82000,1800000,10,2,0,1,Undergraduate,Science,India,Tier 2,3,Yes
Education,SBI,22,845,150000,150000,4500000,15,4,0,1,Postgraduate,Engineering,Australia,Tier 1,2,Yes
Education,HDFC,24,705,68000,68000,3200000,15,6,16000,0,Postgraduate,Science,Canada,Tier 2,2,Yes
Education,ICICI,21,840,180000,180000,4900000,15,3,0,1,Undergraduate,Engineering,USA,Tier 1,4,Yes
Education,SBI,19,790,93000,93000,2200000,12,1,0,1,Undergraduate,Management,India,Tier 2,3,Yes
Education,HDFC,26,850,210000,210000,5800000,15,8,22000,1,PhD,Science,UK,Tier 1,3,Yes
Education,ICICI,22,675,50000,50000,2700000,15,4,13000,0,Postgraduate,Arts,India,Tier 3,2,Yes
Education,SBI,23,790,103000,103000,3700000,15,5,0,1,Postgraduate,Management,India,Tier 1,2,Yes
Education,HDFC,21,760,83000,83000,1800000,8,3,0,1,Undergraduate,Engineering,India,Tier 3,4,Yes
Education,ICICI,20,810,140000,140000,5200000,15,2,0,1,Undergraduate,Medical,Australia,Tier 2,5,Yes
Education,SBI,24,740,80000,80000,3500000,15,6,18000,0,Postgraduate,Science,USA,Tier 2,2,Yes
Education,HDFC,22,850,255000,255000,7700000,15,4,27000,1,Postgraduate,Engineering,USA,Tier 1,2,Yes
Education,ICICI,18,790,97000,97000,2500000,12,0,0,1,Undergraduate,Arts,India,Tier 1,3,Yes
Education,SBI,25,800,113000,113000,4700000,15,7,0,1,PhD,Management,India,Tier 1,3,Yes
Education,HDFC,21,685,54000,54000,3700000,15,3,19000,0,Undergraduate,Medical,India,Tier 3,5,Yes
Education,ICICI,23,830,150000,150000,4200000,15,5,0,1,Postgraduate,Science,Canada,Tier 1,2,Yes
Education,SBI,20,775,80000,80000,1700000,10,2,0,1,Undergraduate,Science,India,Tier 2,3,Yes
Education,HDFC,22,810,103000,103000,3300000,12,4,0,1,Postgraduate,Engineering,UK,Tier 2,1,Yes
Education,ICICI,26,850,420000,420000,10000000,15,8,50000,1,PhD,Medical,USA,Tier 1,4,Yes
Education,SBI,21,715,60000,60000,2900000,15,3,14000,0,Undergraduate,Arts,Australia,Tier 3,3,Yes
Education,HDFC,24,815,145000,145000,4700000,15,6,0,1,Postgraduate,Management,USA,Tier 1,2,Yes
Education,ICICI,22,765,72000,72000,2100000,10,4,0,1,Postgraduate,Science,India,Tier 3,2,Yes
Education,SBI,19,805,100000,100000,2300000,12,1,0,1,Undergraduate,Engineering,India,Tier 2,4,Yes
Education,HDFC,23,785,90000,90000,3900000,15,5,17000,0,Postgraduate,Arts,UK,Tier 2,2,Yes
Education,ICICI,25,850,200000,200000,6200000,15,7,0,1,Postgraduate,Engineering,Canada,Tier 1,2,Yes
Education,SBI,20,850,165000,165000,5500000,15,2,0,1,Undergraduate,Medical,USA,Tier 1,5,Yes
Education,HDFC,22,740,70000,70000,3100000,15,4,15000,0,Postgraduate,Science,Australia,Tier 3,2,Yes
Education,ICICI,24,815,125000,125000,3700000,15,6,0,1,Postgraduate,Management,India,Tier 1,2,Yes
Education,SBI,21,780,85000,85000,1900000,8,3,0,1,Undergraduate,Engineering,India,Tier 2,4,Yes
Education,HDFC,27,850,310000,310000,7900000,15,9,29000,1,PhD,Engineering,USA,Tier 1,3,Yes
Education,ICICI,19,690,58000,58000,3500000,15,1,17000,0,Undergraduate,Medical,India,Tier 3,5,Yes
Education,SBI,23,850,155000,155000,4300000,15,5,0,1,Postgraduate,Science,USA,Tier 1,2,Yes
Education,HDFC,20,795,93000,93000,2500000,12,2,0,1,Undergraduate,Arts,India,Tier 2,3,Yes
Education,ICICI,22,725,65000,65000,3900000,15,4,18000,0,Postgraduate,Engineering,Canada,Tier 2,2,Yes
Education,SBI,25,850,220000,220000,6500000,15,7,0,1,Postgraduate,Management,UK,Tier 1,2,Yes
Education,HDFC,21,820,110000,110000,2900000,12,3,0,1,Undergraduate,Engineering,India,Tier 1,4,Yes
Education,ICICI,20,750,73000,73000,1800000,10,2,0,1,Undergraduate,Science,India,Tier 3,3,Yes
Education,SBI,23,840,135000,135000,4700000,15,5,0,1,Postgraduate,Medical,Australia,Tier 1,3,Yes
Education,HDFC,26,705,62000,62000,4200000,15,8,20000,0,PhD,Arts,USA,Tier 3,4,Yes
Education,ICICI,22,850,245000,245000,7500000,15,4,25000,1,Postgraduate,Engineering,USA,Tier 1,2,Yes
Education,SBI,18,780,87000,87000,2100000,12,0,0,1,Undergraduate,Management,India,Tier 2,3,Yes
Education,HDFC,24,850,156000,156000,5900000,15,6,0,1,Postgraduate,Science,UK,Tier 1,2,Yes
Education,ICICI,21,680,56000,56000,3200000,15,3,16000,0,Undergraduate,Medical,India,Tier 3,5,Yes
Education,SBI,23,790,103000,103000,3700000,15,5,0,1,Postgraduate,Engineering,India,Tier 1,2,Yes
Education,HDFC,22,770,80000,80000,2000000,10,4,0,1,Postgraduate,Arts,India,Tier 2,2,Yes
Education,ICICI,20,850,175000,175000,5500000,15,2,0,1,Undergraduate,Engineering,USA,Tier 1,4,Yes
Education,SBI,19,730,66000,66000,1700000,8,1,12000,0,Undergraduate,Science,India,Tier 3,3,Yes
Education,HDFC,25,850,205000,205000,5500000,15,7,20000,1,Postgraduate,Management,Canada,Tier 1,2,Yes
Education,ICICI,22,810,113000,113000,3300000,15,4,0,1,Postgraduate,Engineering,UK,Tier 2,1,Yes
Education,SBI,21,765,77000,77000,1600000,7,3,0,1,Undergraduate,Arts,India,Tier 3,3,Yes
Education,HDFC,24,850,165000,165000,6300000,15,6,0,1,Postgraduate,Medical,USA,Tier 1,3,Yes
Education,ICICI,23,710,60000,60000,3900000,15,5,19000,0,Postgraduate,Engineering,Australia,Tier 3,2,Yes
Education,SBI,22,825,123000,123000,3100000,12,4,0,1,Postgraduate,Science,India,Tier 2,2,Yes
Education,HDFC,19,850,230000,230000,6900000,15,1,0,1,Undergraduate,Medical,UK,Tier 1,5,Yes
Education,ICICI,21,795,107000,107000,3600000,15,3,15000,1,Undergraduate,Engineering,USA,Tier 2,4,Yes
Education,SBI,28,850,380000,380000,9600000,15,10,42000,1,PhD,Management,USA,Tier 1,4,Yes
Education,HDFC,23,745,74000,74000,2600000,12,5,18000,0,Postgraduate,Arts,India,Tier 3,2,Yes
Education,ICICI,20,780,85000,85000,1900000,10,2,0,1,Undergraduate,Science,India,Tier 2,3,Yes
Education,SBI,22,850,155000,155000,4600000,15,4,0,1,Postgraduate,Engineering,Australia,Tier 1,2,Yes
Education,HDFC,24,715,71000,71000,3300000,15,6,17000,0,Postgraduate,Science,Canada,Tier 2,2,Yes
Education,ICICI,21,850,185000,185000,5000000,15,3,0,1,Undergraduate,Engineering,USA,Tier 1,4,Yes
Education,SBI,19,800,96000,96000,2300000,12,1,0,1,Undergraduate,Management,India,Tier 2,3,Yes
Education,HDFC,26,850,215000,215000,5900000,15,8,23000,1,PhD,Science,UK,Tier 1,3,Yes
Education,ICICI,22,685,53000,53000,2800000,15,4,14000,0,Postgraduate,Arts,India,Tier 3,2,Yes
Education,SBI,23,800,106000,106000,3800000,15,5,0,1,Postgraduate,Management,India,Tier 1,2,Yes
Education,HDFC,21,770,86000,86000,1900000,8,3,0,1,Undergraduate,Engineering,India,Tier 3,4,Yes
Education,ICICI,20,820,145000,145000,5300000,15,2,0,1,Undergraduate,Medical,Australia,Tier 2,5,Yes
Education,SBI,24,750,83000,83000,3600000,15,6,19000,0,Postgraduate,Science,USA,Tier 2,2,Yes
Education,HDFC,22,850,260000,260000,7800000,15,4,28000,1,Postgraduate,Engineering,USA,Tier 1,2,Yes
Education,ICICI,18,800,100000,100000,2600000,12,0,0,1,Undergraduate,Arts,India,Tier 1,3,Yes
Education,SBI,25,810,116000,116000,4800000,15,7,0,1,PhD,Management,India,Tier 1,3,Yes
Education,HDFC,21,695,57000,57000,3800000,15,3,20000,0,Undergraduate,Medical,India,Tier 3,5,Yes
Education,ICICI,23,840,155000,155000,4300000,15,5,0,1,Postgraduate,Science,Canada,Tier 1,2,Yes
Education,SBI,20,785,83000,83000,1800000,10,2,0,1,Undergraduate,Science,India,Tier 2,3,Yes
Education,HDFC,22,820,106000,106000,3400000,12,4,0,1,Postgraduate,Engineering,UK,Tier 2,1,Yes
Education,ICICI,26,850,430000,430000,10000000,15,8,50000,1,PhD,Medical,USA,Tier 1,4,Yes
Education,SBI,21,725,63000,63000,3000000,15,3,15000,0,Undergraduate,Arts,Australia,Tier 3,3,Yes
Education,HDFC,24,825,150000,150000,4800000,15,6,0,1,Postgraduate,Management,USA,Tier 1,2,Yes
Education,ICICI,22,775,75000,75000,2200000,10,4,0,1,Postgraduate,Science,India,Tier 3,2,Yes
Education,SBI,19,815,103000,103000,2400000,12,1,0,1,Undergraduate,Engineering,India,Tier 2,4,Yes
Education,HDFC,23,795,93000,93000,4000000,15,5,18000,0,Postgraduate,Arts,UK,Tier 2,2,Yes
Education,ICICI,25,850,205000,205000,6300000,15,7,0,1,Postgraduate,Engineering,Canada,Tier 1,2,Yes
Education,SBI,20,850,170000,170000,5600000,15,2,0,1,Undergraduate,Medical,USA,Tier 1,5,Yes
Education,HDFC,22,750,73000,73000,3200000,15,4,16000,0,Postgraduate,Science,Australia,Tier 3,2,Yes
Education,ICICI,24,825,130000,130000,3800000,15,6,0,1,Postgraduate,Management,India,Tier 1,2,Yes
Education,SBI,21,790,88000,88000,2000000,8,3,0,1,Undergraduate,Engineering,India,Tier 2,4,Yes
Education,HDFC,27,850,320000,320000,8000000,15,9,30000,1,PhD,Engineering,USA,Tier 1,3,Yes
Education,ICICI,19,700,61000,61000,3600000,15,1,18000,0,Undergraduate,Medical,India,Tier 3,5,Yes
Education,SBI,23,850,160000,160000,4400000,15,5,0,1,Postgraduate,Science,USA,Tier 1,2,Yes
Education,HDFC,20,805,96000,96000,2600000,12,2,0,1,Undergraduate,Arts,India,Tier 2,3,Yes
Education,ICICI,22,735,68000,68000,4000000,15,4,19000,0,Postgraduate,Engineering,Canada,Tier 2,2,Yes
Education,SBI,25,850,225000,225000,6600000,15,7,0,1,Postgraduate,Management,UK,Tier 1,2,Yes
Education,HDFC,21,820,113000,113000,3000000,12,3,0,1,Undergraduate,Engineering,India,Tier 1,4,Yes
Education,ICICI,20,760,76000,76000,1900000,10,2,0,1,Undergraduate,Science,India,Tier 3,3,Yes
Education,SBI,23,850,140000,140000,4800000,15,5,0,1,Postgraduate,Medical,Australia,Tier 1,3,Yes
Education,HDFC,26,715,65000,65000,4300000,15,8,21000,0,PhD,Arts,USA,Tier 3,4,Yes
Education,ICICI,22,850,250000,250000,7600000,15,4,25000,1,Postgraduate,Engineering,USA,Tier 1,2,Yes
Education,SBI,18,790,90000,90000,2200000,12,0,0,1,Undergraduate,Management,India,Tier 2,3,Yes
Education,HDFC,24,850,159000,159000,6000000,15,6,0,1,Postgraduate,Science,UK,Tier 1,2,Yes
Education,ICICI,21,690,59000,59000,3300000,15,3,17000,0,Undergraduate,Medical,India,Tier 3,5,Yes
Education,SBI,23,800,106000,106000,3800000,15,5,0,1,Postgraduate,Engineering,India,Tier 1,2,Yes
Education,HDFC,22,780,83000,83000,2100000,10,4,0,1,Postgraduate,Arts,India,Tier 2,2,Yes
Education,ICICI,20,850,180000,180000,5600000,15,2,0,1,Undergraduate,Engineering,USA,Tier 1,4,Yes
Education,SBI,19,740,69000,69000,1800000,8,1,13000,0,Undergraduate,Science,India,Tier 3,3,Yes
Education,HDFC,25,850,210000,210000,5600000,15,7,21000,1,Postgraduate,Management,Canada,Tier 1,2,Yes
Education,ICICI,22,820,116000,116000,3400000,15,4,0,1,Postgraduate,Engineering,UK,Tier 2,1,Yes
Education,SBI,21,775,80000,80000,1700000,7,3,0,1,Undergraduate,Arts,India,Tier 3,3,Yes
Education,HDFC,24,850,170000,170000,6400000,15,6,0,1,Postgraduate,Medical,USA,Tier 1,3,Yes
Education,ICICI,23,720,63000,63000,4000000,15,5,20000,0,Postgraduate,Engineering,Australia,Tier 3,2,Yes
Education,SBI,22,835,126000,126000,3200000,12,4,0,1,Postgraduate,Science,India,Tier 2,2,Yes
Education,HDFC,19,850,235000,235000,7000000,15,1,0,1,Undergraduate,Medical,UK,Tier 1,5,Yes
Education,ICICI,21,805,110000,110000,3700000,15,3,16000,1,Undergraduate,Engineering,USA,Tier 2,4,Yes
Education,SBI,28,850,390000,390000,9800000,15,10,43000,1,PhD,Management,USA,Tier 1,4,Yes
Education,HDFC,23,755,77000,77000,2700000,12,5,19000,0,Postgraduate,Arts,India,Tier 3,2,Yes
Education,ICICI,20,790,88000,88000,2000000,10,2,0,1,Undergraduate,Science,India,Tier 2,3,Yes
Education,SBI,22,850,160000,160000,4700000,15,4,0,1,Postgraduate,Engineering,Australia,Tier 1,2,Yes
Education,HDFC,24,725,74000,74000,3400000,15,6,18000,0,Postgraduate,Science,Canada,Tier 2,2,Yes
Education,ICICI,21,850,190000,190000,5100000,15,3,0,1,Undergraduate,Engineering,USA,Tier 1,4,Yes
Education,SBI,19,810,99000,99000,2400000,12,1,0,1,Undergraduate,Management,India,Tier 2,3,Yes
Education,HDFC,26,850,220000,220000,6000000,15,8,24000,1,PhD,Science,UK,Tier 1,3,Yes
Education,ICICI,22,695,56000,56000,2900000,15,4,15000,0,Postgraduate,Arts,India,Tier 3,2,Yes
Education,SBI,23,810,109000,109000,3900000,15,5,0,1,Postgraduate,Management,India,Tier 1,2,Yes
Education,HDFC,21,780,89000,89000,2000000,8,3,0,1,Undergraduate,Engineering,India,Tier 3,4,Yes
Education,ICICI,20,830,150000,150000,5400000,15,2,0,1,Undergraduate,Medical,Australia,Tier 2,5,Yes
Education,SBI,24,760,86000,86000,3700000,15,6,20000,0,Postgraduate,Science,USA,Tier 2,2,Yes
Education,HDFC,22,850,265000,265000,7900000,15,4,29000,1,Postgraduate,Engineering,USA,Tier 1,2,Yes
Education,ICICI,18,810,103000,103000,2700000,12,0,0,1,Undergraduate,Arts,India,Tier 1,3,Yes
Education,SBI,25,820,119000,119000,4900000,15,7,0,1,PhD,Management,India,Tier 1,3,Yes
Education,HDFC,21,705,60000,60000,3900000,15,3,21000,0,Undergraduate,Medical,India,Tier 3,5,Yes
Education,ICICI,23,850,160000,160000,4400000,15,5,0,1,Postgraduate,Science,Canada,Tier 1,2,Yes
Education,SBI,20,795,86000,86000,1900000,10,2,0,1,Undergraduate,Science,India,Tier 2,3,Yes
Education,HDFC,22,830,109000,109000,3500000,12,4,0,1,Postgraduate,Engineering,UK,Tier 2,1,Yes
Education,ICICI,26,850,440000,440000,10000000,15,8,50000,1,PhD,Medical,USA,Tier 1,4,Yes
Education,SBI,21,735,66000,66000,3100000,15,3,16000,0,Undergraduate,Arts,Australia,Tier 3,3,Yes
Education,HDFC,24,835,155000,155000,4900000,15,6,0,1,Postgraduate,Management,USA,Tier 1,2,Yes
Education,ICICI,22,785,78000,78000,2300000,10,4,0,1,Postgraduate,Science,India,Tier 3,2,Yes
Education,SBI,19,825,106000,106000,2500000,12,1,0,1,Undergraduate,Engineering,India,Tier 2,4,Yes
Education,HDFC,23,805,96000,96000,4100000,15,5,19000,0,Postgraduate,Arts,UK,Tier 2,2,Yes
Education,ICICI,25,850,210000,210000,6400000,15,7,0,1,Postgraduate,Engineering,Canada,Tier 1,2,Yes
Education,SBI,20,850,175000,175000,5700000,15,2,0,1,Undergraduate,Medical,USA,Tier 1,5,Yes
Education,HDFC,22,760,76000,76000,3300000,15,4,17000,0,Postgraduate,Science,Australia,Tier 3,2,Yes
Education,ICICI,24,835,135000,135000,3900000,15,6,0,1,Postgraduate,Management,India,Tier 1,2,Yes
Education,SBI,21,800,91000,91000,2100000,8,3,0,1,Undergraduate,Engineering,India,Tier 2,4,Yes
Education,HDFC,27,850,330000,330000,8100000,15,9,31000,1,PhD,Engineering,USA,Tier 1,3,Yes
Education,ICICI,19,710,64000,64000,3700000,15,1,19000,0,Undergraduate,Medical,India,Tier 3,5,Yes
Education,SBI,23,850,165000,165000,4500000,15,5,0,1,Postgraduate,Science,USA,Tier 1,2,Yes
Education,HDFC,20,815,99000,99000,2700000,12,2,0,1,Undergraduate,Arts,India,Tier 2,3,Yes
Education,ICICI,22,745,71000,71000,4100000,15,4,20000,0,Postgraduate,Engineering,Canada,Tier 2,2,Yes
Education,SBI,25,850,230000,230000,6700000,15,7,0,1,Postgraduate,Management,UK,Tier 1,2,Yes
Education,HDFC,21,830,116000,116000,3100000,12,3,0,1,Undergraduate,Engineering,India,Tier 1,4,Yes
Education,ICICI,20,770,79000,79000,2000000,10,2,0,1,Undergraduate,Science,India,Tier 3,3,Yes
Education,SBI,23,850,145000,145000,4900000,15,5,0,1,Postgraduate,Medical,Australia,Tier 1,3,Yes
Education,HDFC,26,725,68000,68000,4400000,15,8,22000,0,PhD,Arts,USA,Tier 3,4,Yes
Education,ICICI,22,850,255000,255000,7700000,15,4,26000,1,Postgraduate,Engineering,USA,Tier 1,2,Yes
Education,SBI,18,800,93000,93000,2300000,12,0,0,1,Undergraduate,Management,India,Tier 2,3,Yes
Education,HDFC,24,850,162000,162000,6100000,15,6,0,1,Postgraduate,Science,UK,Tier 1,2,Yes
Education,ICICI,21,700,62000,62000,3400000,15,3,18000,0,Undergraduate,Medical,India,Tier 3,5,Yes
Education,SBI,23,810,109000,109000,3800000,15,5,0,1,Postgraduate,Engineering,India,Tier 1,2,Yes
Education,HDFC,22,790,86000,86000,2200000,10,4,0,1,Postgraduate,Arts,India,Tier 2,2,Yes
Education,ICICI,20,850,185000,185000,5700000,15,2,0,1,Undergraduate,Engineering,USA,Tier 1,4,Yes
Education,SBI,19,750,72000,72000,1900000,8,1,14000,0,Undergraduate,Science,India,Tier 3,3,Yes
Education,HDFC,25,850,215000,215000,5700000,15,7,22000,1,Postgraduate,Management,Canada,Tier 1,2,Yes
Education,ICICI,22,830,119000,119000,3500000,15,4,0,1,Postgraduate,Engineering,UK,Tier 2,1,Yes
Education,SBI,21,785,83000,83000,1800000,7,3,0,1,Undergraduate,Arts,India,Tier 3,3,Yes
Education,HDFC,24,850,175000,175000,6500000,15,6,0,1,Postgraduate,Medical,USA,Tier 1,3,Yes
Education,ICICI,23,730,66000,66000,4100000,15,5,21000,0,Postgraduate,Engineering,Australia,Tier 3,2,Yes
Education,SBI,22,845,129000,129000,3300000,12,4,0,1,Postgraduate,Science,India,Tier 2,2,Yes
Education,HDFC,19,850,240000,240000,7100000,15,1,0,1,Undergraduate,Medical,UK,Tier 1,5,Yes
Education,ICICI,21,815,113000,113000,3800000,15,3,17000,1,Undergraduate,Engineering,USA,Tier 2,4,Yes
Education,SBI,28,850,400000,400000,10000000,15,10,44000,1,PhD,Management,USA,Tier 1,4,Yes
Education,HDFC,23,765,80000,80000,2800000,12,5,20000,0,Postgraduate,Arts,India,Tier 3,2,Yes
Education,ICICI,20,800,91000,91000,2100000,10,2,0,1,Undergraduate,Science,India,Tier 2,3,Yes
Education,SBI,22,850,165000,165000,4800000,15,4,0,1,Postgraduate,Engineering,Australia,Tier 1,2,Yes
Education,HDFC,24,735,77000,77000,3500000,15,6,19000,0,Postgraduate,Science,Canada,Tier 2,2,Yes
Education,ICICI,21,850,195000,195000,5200000,15,3,0,1,Undergraduate,Engineering,USA,Tier 1,4,Yes
Education,SBI,19,810,102000,102000,2500000,12,1,0,1,Undergraduate,Management,India,Tier 2,3,Yes
Education,HDFC,26,850,225000,225000,6100000,15,8,25000,1,PhD,Science,UK,Tier 1,3,Yes
Education,ICICI,22,705,59000,59000,3000000,15,4,16000,0,Postgraduate,Arts,India,Tier 3,2,Yes
Education,SBI,23,820,112000,112000,4000000,15,5,0,1,Postgraduate,Management,India,Tier 1,2,Yes
Education,HDFC,21,790,92000,92000,2100000,8,3,0,1,Undergraduate,Engineering,India,Tier 3,4,Yes
Education,ICICI,20,840,155000,155000,5500000,15,2,0,1,Undergraduate,Medical,Australia,Tier 2,5,Yes
Education,SBI,24,770,89000,89000,3800000,15,6,21000,0,Postgraduate,Science,USA,Tier 2,2,Yes
Education,HDFC,22,850,270000,270000,8000000,15,4,30000,1,Postgraduate,Engineering,USA,Tier 1,2,Yes
Education,ICICI,18,820,106000,106000,2800000,12,0,0,1,Undergraduate,Arts,India,Tier 1,3,Yes
Education,SBI,25,830,122000,122000,5000000,15,7,0,1,PhD,Management,India,Tier 1,3,Yes
Education,HDFC,21,715,63000,63000,4000000,15,3,22000,0,Undergraduate,Medical,India,Tier 3,5,Yes
Education,ICICI,23,850,165000,165000,4500000,15,5,0,1,Postgraduate,Science,Canada,Tier 1,2,Yes
Education,SBI,20,805,89000,89000,2000000,10,2,0,1,Undergraduate,Science,India,Tier 2,3,Yes
Education,HDFC,22,840,112000,112000,3600000,12,4,0,1,Postgraduate,Engineering,UK,Tier 2,1,Yes
Education,ICICI,26,850,450000,450000,10000000,15,8,50000,1,PhD,Medical,USA,Tier 1,4,Yes
Education,SBI,21,745,69000,69000,3200000,15,3,17000,0,Undergraduate,Arts,Australia,Tier 3,3,Yes
Education,HDFC,24,845,160000,160000,5000000,15,6,0,1,Postgraduate,Management,USA,Tier 1,2,Yes
Education,ICICI,22,795,81000,81000,2400000,10,4,0,1,Postgraduate,Science,India,Tier 3,2,Yes
Education,SBI,19,835,109000,109000,2600000,12,1,0,1,Undergraduate,Engineering,India,Tier 2,4,Yes
Education,HDFC,23,815,99000,99000,4200000,15,5,20000,0,Postgraduate,Arts,UK,Tier 2,2,Yes
Education,ICICI,25,850,215000,215000,6500000,15,7,0,1,Postgraduate,Engineering,Canada,Tier 1,2,Yes
Education,SBI,20,850,180000,180000,5800000,15,2,0,1,Undergraduate,Medical,USA,Tier 1,5,Yes
Education,HDFC,22,770,79000,79000,3400000,15,4,18000,0,Postgraduate,Science,Australia,Tier 3,2,Yes
Education,ICICI,24,845,140000,140000,4000000,15,6,0,1,Postgraduate,Management,India,Tier 1,2,Yes
Education,SBI,21,810,94000,94000,2200000,8,3,0,1,Undergraduate,Engineering,India,Tier 2,4,Yes
Education,HDFC,27,850,340000,340000,8200000,15,9,32000,1,PhD,Engineering,USA,Tier 1,3,Yes
Education,ICICI,19,720,67000,67000,3800000,15,1,20000,0,Undergraduate,Medical,India,Tier 3,5,Yes
Education,SBI,23,850,170000,170000,4600000,15,5,0,1,Postgraduate,Science,USA,Tier 1,2,Yes
Education,HDFC,20,825,102000,102000,2800000,12,2,0,1,Undergraduate,Arts,India,Tier 2,3,Yes
Education,ICICI,22,755,74000,74000,4200000,15,4,21000,0,Postgraduate,Engineering,Canada,Tier 2,2,Yes
Education,SBI,25,850,235000,235000,6800000,15,7,0,1,Postgraduate,Management,UK,Tier 1,2,Yes
Education,HDFC,21,840,119000,119000,3200000,12,3,0,1,Undergraduate,Engineering,India,Tier 1,4,Yes
Education,ICICI,20,780,82000,82000,2100000,10,2,0,1,Undergraduate,Science,India,Tier 3,3,Yes
Education,SBI,23,850,150000,150000,5000000,15,5,0,1,Postgraduate,Medical,Australia,Tier 1,3,Yes
Education,HDFC,26,725,71000,71000,4500000,15,8,23000,0,PhD,Arts,USA,Tier 3,4,Yes
Education,ICICI,22,850,260000,260000,7800000,15,4,27000,1,Postgraduate,Engineering,USA,Tier 1,2,Yes
Education,SBI,18,810,96000,96000,2400000,12,0,0,1,Undergraduate,Management,India,Tier 2,3,Yes
Education,HDFC,24,850,165000,165000,6200000,15,6,0,1,Postgraduate,Science,UK,Tier 1,2,Yes
Education,ICICI,21,710,65000,65000,3500000,15,3,19000,0,Undergraduate,Medical,India,Tier 3,5,Yes
Education,SBI,23,820,112000,112000,3900000,15,5,0,1,Postgraduate,Engineering,India,Tier 1,2,Yes
Education,HDFC,22,800,89000,89000,2300000,10,4,0,1,Postgraduate,Arts,India,Tier 2,2,Yes
Education,SBI,19,760,75000,75000,2000000,8,1,14000,0,Undergraduate,Science,India,Tier 3,3,Yes
Education,HDFC,25,850,215000,215000,5700000,15,7,23000,1,Postgraduate,Management,Canada,Tier 1,2,Yes
Education,ICICI,22,830,122000,122000,3600000,15,4,0,1,Postgraduate,Engineering,UK,Tier 2,1,Yes
Education,SBI,21,785,86000,86000,1900000,7,3,0,1,Undergraduate,Arts,India,Tier 3,3,Yes
Education,HDFC,24,850,180000,180000,6600000,15,6,0,1,Postgraduate,Medical,USA,Tier 1,3,Yes
Education,ICICI,23,740,69000,69000,4200000,15,5,22000,0,Postgraduate,Engineering,Australia,Tier 3,2,Yes
Education,SBI,22,850,132000,132000,3400000,12,4,0,1,Postgraduate,Science,India,Tier 2,2,Yes
Education,HDFC,19,850,245000,245000,7200000,15,1,0,1,Undergraduate,Medical,UK,Tier 1,5,Yes
Education,ICICI,21,825,116000,116000,3900000,15,3,18000,1,Undergraduate,Engineering,USA,Tier 2,4,Yes
Education,SBI,28,850,400000,400000,10000000,15,10,45000,1,PhD,Management,USA,Tier 1,4,Yes
Education,HDFC,23,775,83000,83000,2900000,12,5,21000,0,Postgraduate,Arts,India,Tier 3,2,Yes
Education,ICICI,20,810,94000,94000,2200000,10,2,0,1,Undergraduate,Science,India,Tier 2,3,Yes
Education,SBI,22,850,170000,170000,4900000,15,4,0,1,Postgraduate,Engineering,Australia,Tier 1,2,Yes
Education,HDFC,24,745,80000,80000,3600000,15,6,20000,0,Postgraduate,Science,Canada,Tier 2,2,Yes
Education,ICICI,21,850,200000,200000,5300000,15,3,0,1,Undergraduate,Engineering,USA,Tier 1,4,Yes
Education,SBI,19,820,105000,105000,2600000,12,1,0,1,Undergraduate,Management,India,Tier 2,3,Yes
Education,HDFC,26,850,230000,230000,6200000,15,8,26000,1,PhD,Science,UK,Tier 1,3,Yes
Education,ICICI,22,715,62000,62000,3100000,15,4,17000,0,Postgraduate,Arts,India,Tier 3,2,Yes
Education,SBI,23,830,115000,115000,4100000,15,5,0,1,Postgraduate,Management,India,Tier 1,2,Yes
Education,HDFC,21,800,95000,95000,2200000,8,3,0,1,Undergraduate,Engineering,India,Tier 3,4,Yes
Education,ICICI,20,850,160000,160000,5600000,15,2,0,1,Undergraduate,Medical,Australia,Tier 2,5,Yes
Education,SBI,24,780,92000,92000,3900000,15,6,22000,0,Postgraduate,Science,USA,Tier 2,2,Yes
Education,HDFC,22,850,275000,275000,8200000,15,4,31000,1,Postgraduate,Engineering,USA,Tier 1,2,Yes
Education,ICICI,18,830,109000,109000,2900000,12,0,0,1,Undergraduate,Arts,India,Tier 1,3,Yes
Education,SBI,25,840,125000,125000,5100000,15,7,0,1,PhD,Management,India,Tier 1,3,Yes
Education,HDFC,21,725,66000,66000,4100000,15,3,23000,0,Undergraduate,Medical,India,Tier 3,5,Yes
Education,ICICI,23,850,170000,170000,4600000,15,5,0,1,Postgraduate,Science,Canada,Tier 1,2,Yes
Education,SBI,20,815,92000,92000,2100000,10,2,0,1,Undergraduate,Science,India,Tier 2,3,Yes
Education,HDFC,22,850,115000,115000,3700000,12,4,0,1,Postgraduate,Engineering,UK,Tier 2,1,Yes
Education,ICICI,26,850,460000,460000,10000000,15,8,50000,1,PhD,Medical,USA,Tier 1,4,Yes
Education,SBI,21,755,72000,72000,3300000,15,3,18000,0,Undergraduate,Arts,Australia,Tier 3,3,Yes
Education,HDFC,24,850,165000,165000,5100000,15,6,0,1,Postgraduate,Management,USA,Tier 1,2,Yes
Education,ICICI,22,805,84000,84000,2500000,10,4,0,1,Postgraduate,Science,India,Tier 3,2,Yes
Education,SBI,19,845,112000,112000,2700000,12,1,0,1,Undergraduate,Engineering,India,Tier 2,4,Yes
Education,HDFC,23,825,102000,102000,4300000,15,5,21000,0,Postgraduate,Arts,UK,Tier 2,2,Yes
Education,ICICI,25,850,220000,220000,6600000,15,7,0,1,Postgraduate,Engineering,Canada,Tier 1,2,Yes
Education,SBI,20,850,185000,185000,5900000,15,2,0,1,Undergraduate,Medical,USA,Tier 1,5,Yes
Education,HDFC,22,780,82000,82000,3500000,15,4,19000,0,Postgraduate,Science,Australia,Tier 3,2,Yes
Education,ICICI,24,850,145000,145000,4100000,15,6,0,1,Postgraduate,Management,India,Tier 1,2,Yes
Education,SBI,21,820,97000,97000,2300000,8,3,0,1,Undergraduate,Engineering,India,Tier 2,4,Yes
Education,HDFC,27,850,350000,350000,8300000,15,9,33000,1,PhD,Engineering,USA,Tier 1,3,Yes
Education,ICICI,19,730,70000,70000,3900000,15,1,21000,0,Undergraduate,Medical,India,Tier 3,5,Yes
Education,SBI,23,850,175000,175000,4700000,15,5,0,1,Postgraduate,Science,USA,Tier 1,2,Yes
Education,HDFC,20,835,105000,105000,2900000,12,2,0,1,Undergraduate,Arts,India,Tier 2,3,Yes
Education,ICICI,22,765,77000,77000,4300000,15,4,22000,0,Postgraduate,Engineering,Canada,Tier 2,2,Yes
Education,SBI,25,850,240000,240000,6900000,15,7,0,1,Postgraduate,Management,UK,Tier 1,2,Yes
Education,HDFC,21,850,122000,122000,3300000,12,3,0,1,Undergraduate,Engineering,India,Tier 1,4,Yes
Education,ICICI,20,790,85000,85000,2200000,10,2,0,1,Undergraduate,Science,India,Tier 3,3,Yes
Education,SBI,23,850,155000,155000,5100000,15,5,0,1,Postgraduate,Medical,Australia,Tier 1,3,Yes
Education,HDFC,26,735,74000,74000,4600000,15,8,24000,0,PhD,Arts,USA,Tier 3,4,Yes
Education,ICICI,22,850,265000,265000,7900000,15,4,28000,1,Postgraduate,Engineering,USA,Tier 1,2,Yes
Education,SBI,18,820,99000,99000,2500000,12,0,0,1,Undergraduate,Management,India,Tier 2,3,Yes
Education,HDFC,24,850,168000,168000,6300000,15,6,0,1,Postgraduate,Science,UK,Tier 1,2,Yes
Education,ICICI,21,720,68000,68000,3600000,15,3,20000,0,Undergraduate,Medical,India,Tier 3,5,Yes
Education,HDFC,22,810,92000,92000,2400000,10,4,0,1,Postgraduate,Arts,India,Tier 2,2,Yes
Education,ICICI,20,850,190000,190000,5800000,15,2,0,1,Undergraduate,Engineering,USA,Tier 1,4,Yes
Education,SBI,19,770,78000,78000,2100000,8,1,15000,0,Undergraduate,Science,India,Tier 3,3,Yes
Education,HDFC,25,850,220000,220000,5800000,15,7,24000,1,Postgraduate,Management,Canada,Tier 1,2,Yes
Education,ICICI,22,840,125000,125000,3700000,15,4,0,1,Postgraduate,Engineering,UK,Tier 2,1,Yes
Education,SBI,21,795,89000,89000,2000000,7,3,0,1,Undergraduate,Arts,India,Tier 3,3,Yes
Education,HDFC,24,850,185000,185000,6700000,15,6,0,1,Postgraduate,Medical,USA,Tier 1,3,Yes
Education,ICICI,23,750,72000,72000,4200000,15,5,23000,0,Postgraduate,Engineering,Australia,Tier 3,2,Yes
Education,SBI,22,850,135000,135000,3500000,12,4,0,1,Postgraduate,Science,India,Tier 2,2,Yes
Education,HDFC,19,850,250000,250000,7300000,15,1,0,1,Undergraduate,Medical,UK,Tier 1,5,Yes
Education,ICICI,21,835,119000,119000,4000000,15,3,19000,1,Undergraduate,Engineering,USA,Tier 2,4,Yes
Education,SBI,28,850,410000,410000,10000000,15,10,46000,1,PhD,Management,USA,Tier 1,4,Yes
Education,HDFC,23,785,86000,86000,3000000,12,5,22000,0,Postgraduate,Arts,India,Tier 3,2,Yes
Education,ICICI,20,820,97000,97000,2300000,10,2,0,1,Undergraduate,Science,India,Tier 2,3,Yes
Education,SBI,22,850,175000,175000,5000000,15,4,0,1,Postgraduate,Engineering,Australia,Tier 1,2,Yes
Education,HDFC,24,755,83000,83000,3700000,15,6,21000,0,Postgraduate,Science,Canada,Tier 2,2,Yes
Education,ICICI,21,850,205000,205000,5400000,15,3,0,1,Undergraduate,Engineering,USA,Tier 1,4,Yes
Education,SBI,19,830,108000,108000,2700000,12,1,0,1,Undergraduate,Management,India,Tier 2,3,Yes
Education,HDFC,26,850,235000,235000,6300000,15,8,27000,1,PhD,Science,UK,Tier 1,3,Yes
Education,ICICI,22,725,65000,65000,3200000,15,4,18000,0,Postgraduate,Arts,India,Tier 3,2,Yes
Education,SBI,23,840,118000,118000,4200000,15,5,0,1,Postgraduate,Management,India,Tier 1,2,Yes
Education,HDFC,21,810,98000,98000,2300000,8,3,0,1,Undergraduate,Engineering,India,Tier 3,4,Yes
Education,ICICI,20,850,165000,165000,5700000,15,2,0,1,Undergraduate,Medical,Australia,Tier 2,5,Yes
Education,SBI,24,790,95000,95000,4000000,15,6,23000,0,Postgraduate,Science,USA,Tier 2,2,Yes
Education,HDFC,22,850,280000,280000,8100000,15,4,32000,1,Postgraduate,Engineering,USA,Tier 1,2,Yes
Education,ICICI,18,840,112000,112000,3000000,12,0,0,1,Undergraduate,Arts,India,Tier 1,3,Yes
Education,SBI,25,850,128000,128000,5200000,15,7,0,1,PhD,Management,India,Tier 1,3,Yes
Education,HDFC,21,735,69000,69000,4100000,15,3,24000,0,Undergraduate,Medical,India,Tier 3,5,Yes
Education,ICICI,23,850,175000,175000,4700000,15,5,0,1,Postgraduate,Science,Canada,Tier 1,2,Yes
Education,SBI,20,825,95000,95000,2200000,10,2,0,1,Undergraduate,Science,India,Tier 2,3,Yes
Education,HDFC,22,850,118000,118000,3800000,12,4,0,1,Postgraduate,Engineering,UK,Tier 2,1,Yes
Education,ICICI,26,850,470000,470000,10000000,15,8,50000,1,PhD,Medical,USA,Tier 1,4,Yes
Education,SBI,21,765,75000,75000,3400000,15,3,19000,0,Undergraduate,Arts,Australia,Tier 3,3,Yes
Education,HDFC,24,850,170000,170000,5200000,15,6,0,1,Postgraduate,Management,USA,Tier 1,2,Yes
Education,ICICI,22,815,87000,87000,2600000,10,4,0,1,Postgraduate,Science,India,Tier 3,2,Yes
Education,SBI,19,850,115000,115000,2800000,12,1,0,1,Undergraduate,Engineering,India,Tier 2,4,Yes
Education,HDFC,23,835,105000,105000,4400000,15,5,22000,0,Postgraduate,Arts,UK,Tier 2,2,Yes
Education,ICICI,25,850,225000,225000,6700000,15,7,0,1,Postgraduate,Engineering,Canada,Tier 1,2,Yes
Education,SBI,20,850,190000,190000,6000000,15,2,0,1,Undergraduate,Medical,USA,Tier 1,5,Yes
Education,HDFC,22,790,85000,85000,3600000,15,4,20000,0,Postgraduate,Science,Australia,Tier 3,2,Yes
Education,ICICI,24,850,150000,150000,4200000,15,6,0,1,Postgraduate,Management,India,Tier 1,2,Yes
Education,SBI,21,830,100000,100000,2400000,8,3,0,1,Undergraduate,Engineering,India,Tier 2,4,Yes
Education,HDFC,27,850,360000,360000,8400000,15,9,34000,1,PhD,Engineering,USA,Tier 1,3,Yes
Education,ICICI,19,740,73000,73000,4000000,15,1,22000,0,Undergraduate,Medical,India,Tier 3,5,Yes
Education,SBI,23,850,180000,180000,4800000,15,5,0,1,Postgraduate,Science,USA,Tier 1,2,Yes
Education,HDFC,20,845,108000,108000,3000000,12,2,0,1,Undergraduate,Arts,India,Tier 2,3,Yes
Education,ICICI,22,775,80000,80000,4400000,15,4,23000,0,Postgraduate,Engineering,Canada,Tier 2,2,Yes
Education,SBI,25,850,245000,245000,7000000,15,7,0,1,Postgraduate,Management,UK,Tier 1,2,Yes
Education,HDFC,21,850,125000,125000,3400000,12,3,0,1,Undergraduate,Engineering,India,Tier 1,4,Yes
Education,ICICI,20,800,88000,88000,2300000,10,2,0,1,Undergraduate,Science,India,Tier 3,3,Yes
Education,SBI,23,850,160000,160000,5200000,15,5,0,1,Postgraduate,Medical,Australia,Tier 1,3,Yes
Education,HDFC,26,745,77000,77000,4700000,15,8,25000,0,PhD,Arts,USA,Tier 3,4,Yes
Education,ICICI,22,850,270000,270000,8000000,15,4,29000,1,Postgraduate,Engineering,USA,Tier 1,2,Yes
Education,SBI,18,830,102000,102000,2600000,12,0,0,1,Undergraduate,Management,India,Tier 2,3,Yes
Education,HDFC,24,850,171000,171000,6400000,15,6,0,1,Postgraduate,Science,UK,Tier 1,2,Yes
Education,ICICI,21,730,71000,71000,3700000,15,3,21000,0,Undergraduate,Medical,India,Tier 3,5,Yes
Education,SBI,23,830,115000,115000,4000000,15,5,0,1,Postgraduate,Engineering,India,Tier 1,2,Yes
Education,HDFC,22,820,95000,95000,2500000,10,4,0,1,Postgraduate,Arts,India,Tier 2,2,Yes
Education,ICICI,20,850,195000,195000,5900000,15,2,0,1,Undergraduate,Engineering,USA,Tier 1,4,Yes
Education,SBI,19,780,81000,81000,2200000,8,1,16000,0,Undergraduate,Science,India,Tier 3,3,Yes
Education,HDFC,25,850,225000,225000,5900000,15,7,25000,1,Postgraduate,Management,Canada,Tier 1,2,Yes
Education,ICICI,22,850,128000,128000,3800000,15,4,0,1,Postgraduate,Engineering,UK,Tier 2,1,Yes
Education,SBI,21,805,92000,92000,2100000,7,3,0,1,Undergraduate,Arts,India,Tier 3,3,Yes
Education,HDFC,24,850,190000,190000,6800000,15,6,0,1,Postgraduate,Medical,USA,Tier 1,3,Yes
Education,ICICI,23,760,75000,75000,4300000,15,5,24000,0,Postgraduate,Engineering,Australia,Tier 3,2,Yes
Education,SBI,22,850,138000,138000,3600000,12,4,0,1,Postgraduate,Science,India,Tier 2,2,Yes
Education,HDFC,19,850,255000,255000,7400000,15,1,0,1,Undergraduate,Medical,UK,Tier 1,5,Yes
Education,ICICI,21,845,122000,122000,4100000,15,3,20000,1,Undergraduate,Engineering,USA,Tier 2,4,Yes
Education,SBI,28,850,420000,420000,10000000,15,10,47000,1,PhD,Management,USA,Tier 1,4,Yes
Education,HDFC,23,795,89000,89000,3100000,12,5,23000,0,Postgraduate,Arts,India,Tier 3,2,Yes
Education,ICICI,20,830,100000,100000,2400000,10,2,0,1,Undergraduate,Science,India,Tier 2,3,Yes
Education,SBI,22,850,180000,180000,5100000,15,4,0,1,Postgraduate,Engineering,Australia,Tier 1,2,Yes
Education,HDFC,24,765,86000,86000,3800000,15,6,22000,0,Postgraduate,Science,Canada,Tier 2,2,Yes
Education,ICICI,21,850,210000,210000,5500000,15,3,0,1,Undergraduate,Engineering,USA,Tier 1,4,Yes
Education,SBI,19,840,111000,111000,2700000,12,1,0,1,Undergraduate,Management,India,Tier 2,3,Yes
Education,HDFC,26,850,240000,240000,6400000,15,8,28000,1,PhD,Science,UK,Tier 1,3,Yes
Education,ICICI,22,735,68000,68000,3300000,15,4,19000,0,Postgraduate,Arts,India,Tier 3,2,Yes
Education,SBI,23,850,121000,121000,4300000,15,5,0,1,Postgraduate,Management,India,Tier 1,2,Yes
Education,HDFC,21,820,101000,101000,2400000,8,3,0,1,Undergraduate,Engineering,India,Tier 3,4,Yes
Education,ICICI,20,850,170000,170000,5600000,15,2,0,1,Undergraduate,Medical,Australia,Tier 2,5,Yes
Education,SBI,24,800,98000,98000,4100000,15,6,24000,0,Postgraduate,Science,USA,Tier 2,2,Yes
Education,HDFC,22,850,285000,285000,8200000,15,4,33000,1,Postgraduate,Engineering,USA,Tier 1,2,Yes
Education,ICICI,18,850,115000,115000,3100000,12,0,0,1,Undergraduate,Arts,India,Tier 1,3,Yes
Education,SBI,25,850,131000,131000,5300000,15,7,0,1,PhD,Management,India,Tier 1,3,Yes
Education,HDFC,21,745,72000,72000,4200000,15,3,25000,0,Undergraduate,Medical,India,Tier 3,5,Yes
Education,ICICI,23,850,175000,175000,4800000,15,5,0,1,Postgraduate,Science,Canada,Tier 1,2,Yes
Education,SBI,20,835,98000,98000,2300000,10,2,0,1,Undergraduate,Science,India,Tier 2,3,Yes
Education,HDFC,22,850,121000,121000,3900000,12,4,0,1,Postgraduate,Engineering,UK,Tier 2,1,Yes
Education,ICICI,26,850,480000,480000,10000000,15,8,50000,1,PhD,Medical,USA,Tier 1,4,Yes
Education,SBI,21,775,78000,78000,3500000,15,3,20000,0,Undergraduate,Arts,Australia,Tier 3,3,Yes
Education,HDFC,24,850,175000,175000,5300000,15,6,0,1,Postgraduate,Management,USA,Tier 1,2,Yes
Education,ICICI,22,825,90000,90000,2700000,10,4,0,1,Postgraduate,Science,India,Tier 3,2,Yes
Education,SBI,19,850,118000,118000,2900000,12,1,0,1,Undergraduate,Engineering,India,Tier 2,4,Yes
Education,HDFC,23,845,108000,108000,4500000,15,5,23000,0,Postgraduate,Arts,UK,Tier 2,2,Yes
Education,ICICI,25,850,230000,230000,6800000,15,7,0,1,Postgraduate,Engineering,Canada,Tier 1,2,Yes
Education,SBI,20,850,195000,195000,6100000,15,2,0,1,Undergraduate,Medical,USA,Tier 1,5,Yes
Education,HDFC,22,800,88000,88000,3700000,15,4,21000,0,Postgraduate,Science,Australia,Tier 3,2,Yes
Education,ICICI,24,850,155000,155000,4300000,15,6,0,1,Postgraduate,Management,India,Tier 1,2,Yes
Education,SBI,21,840,103000,103000,2500000,8,3,0,1,Undergraduate,Engineering,India,Tier 2,4,Yes
Education,HDFC,27,850,370000,370000,8500000,15,9,35000,1,PhD,Engineering,USA,Tier 1,3,Yes
Education,ICICI,19,750,76000,76000,4100000,15,1,23000,0,Undergraduate,Medical,India,Tier 3,5,Yes
Education,SBI,23,850,185000,185000,4900000,15,5,0,1,Postgraduate,Science,USA,Tier 1,2,Yes
Education,HDFC,20,850,111000,111000,3100000,12,2,0,1,Undergraduate,Arts,India,Tier 2,3,Yes
Education,ICICI,22,785,83000,83000,4500000,15,4,24000,0,Postgraduate,Engineering,Canada,Tier 2,2,Yes
Education,SBI,25,850,250000,250000,7100000,15,7,0,1,Postgraduate,Management,UK,Tier 1,2,Yes
Education,HDFC,21,850,128000,128000,3500000,12,3,0,1,Undergraduate,Engineering,India,Tier 1,4,Yes
Education,ICICI,20,810,91000,91000,2300000,10,2,0,1,Undergraduate,Science,India,Tier 3,3,Yes
Education,SBI,23,850,165000,165000,5300000,15,5,0,1,Postgraduate,Medical,Australia,Tier 1,3,Yes
Education,HDFC,26,755,80000,80000,4800000,15,8,26000,0,PhD,Arts,USA,Tier 3,4,Yes
Education,ICICI,22,850,275000,275000,7900000,15,4,29000,1,Postgraduate,Engineering,USA,Tier 1,2,Yes
Education,SBI,18,840,102000,102000,2700000,12,0,0,1,Undergraduate,Management,India,Tier 2,3,Yes
Education,HDFC,24,850,174000,174000,6500000,15,6,0,1,Postgraduate,Science,UK,Tier 1,2,Yes
Education,ICICI,21,740,74000,74000,3800000,15,3,22000,0,Undergraduate,Medical,India,Tier 3,5,Yes
Education,SBI,23,840,118000,118000,4100000,15,5,0,1,Postgraduate,Engineering,India,Tier 1,2,Yes
Education,HDFC,22,830,98000,98000,2600000,10,4,0,1,Postgraduate,Arts,India,Tier 2,2,Yes
Education,ICICI,20,850,200000,200000,6000000,15,2,0,1,Undergraduate,Engineering,USA,Tier 1,4,Yes
Education,SBI,19,790,84000,84000,2300000,8,1,17000,0,Undergraduate,Science,India,Tier 3,3,Yes
Education,HDFC,25,850,230000,230000,6000000,15,7,26000,1,Postgraduate,Management,Canada,Tier 1,2,Yes
Education,ICICI,22,850,131000,131000,3900000,15,4,0,1,Postgraduate,Engineering,UK,Tier 2,1,Yes
Education,SBI,21,815,95000,95000,2200000,7,3,0,1,Undergraduate,Arts,India,Tier 3,3,Yes
Education,HDFC,24,850,195000,195000,6900000,15,6,0,1,Postgraduate,Medical,USA,Tier 1,3,Yes
Education,ICICI,23,770,78000,78000,4400000,15,5,25000,0,Postgraduate,Engineering,Australia,Tier 3,2,Yes
Education,SBI,22,850,141000,141000,3700000,12,4,0,1,Postgraduate,Science,India,Tier 2,2,Yes
Education,HDFC,19,850,260000,260000,7500000,15,1,0,1,Undergraduate,Medical,UK,Tier 1,5,Yes
Education,ICICI,21,850,125000,125000,4200000,15,3,21000,1,Undergraduate,Engineering,USA,Tier 2,4,Yes
Education,SBI,28,850,430000,430000,10000000,15,10,48000,1,PhD,Management,USA,Tier 1,4,Yes
Education,HDFC,23,805,92000,92000,3200000,12,5,24000,0,Postgraduate,Arts,India,Tier 3,2,Yes
Education,ICICI,20,840,103000,103000,2500000,10,2,0,1,Undergraduate,Science,India,Tier 2,3,Yes
Education,SBI,22,850,185000,185000,5200000,15,4,0,1,Postgraduate,Engineering,Australia,Tier 1,2,Yes
Education,HDFC,24,775,89000,89000,3900000,15,6,23000,0,Postgraduate,Science,Canada,Tier 2,2,Yes
Education,ICICI,21,850,215000,215000,5600000,15,3,0,1,Undergraduate,Engineering,USA,Tier 1,4,Yes
Education,SBI,19,850,114000,114000,2800000,12,1,0,1,Undergraduate,Management,India,Tier 2,3,Yes
Education,HDFC,26,850,245000,245000,6500000,15,8,29000,1,PhD,Science,UK,Tier 1,3,Yes
Education,ICICI,22,745,71000,71000,3400000,15,4,20000,0,Postgraduate,Arts,India,Tier 3,2,Yes
Education,SBI,23,850,124000,124000,4400000,15,5,0,1,Postgraduate,Management,India,Tier 1,2,Yes
Education,HDFC,21,830,104000,104000,2500000,8,3,0,1,Undergraduate,Engineering,India,Tier 3,4,Yes
Education,ICICI,20,850,175000,175000,5700000,15,2,0,1,Undergraduate,Medical,Australia,Tier 2,5,Yes
Education,SBI,24,810,101000,101000,4200000,15,6,25000,0,Postgraduate,Science,USA,Tier 2,2,Yes
Education,HDFC,22,850,290000,290000,8300000,15,4,34000,1,Postgraduate,Engineering,USA,Tier 1,2,Yes
Education,ICICI,18,850,118000,118000,3200000,12,0,0,1,Undergraduate,Arts,India,Tier 1,3,Yes
Education,SBI,25,850,134000,134000,5400000,15,7,0,1,PhD,Management,India,Tier 1,3,Yes
Education,HDFC,21,755,75000,75000,4300000,15,3,26000,0,Undergraduate,Medical,India,Tier 3,5,Yes
Education,ICICI,23,850,180000,180000,4900000,15,5,0,1,Postgraduate,Science,Canada,Tier 1,2,Yes
Education,SBI,20,845,101000,101000,2400000,10,2,0,1,Undergraduate,Science,India,Tier 2,3,Yes
Education,HDFC,22,850,124000,124000,4000000,12,4,0,1,Postgraduate,Engineering,UK,Tier 2,1,Yes
Education,ICICI,26,850,490000,490000,10000000,15,8,50000,1,PhD,Medical,USA,Tier 1,4,Yes
Education,SBI,21,785,81000,81000,3600000,15,3,21000,0,Undergraduate,Arts,Australia,Tier 3,3,Yes
Education,HDFC,24,850,175000,175000,5400000,15,6,0,1,Postgraduate,Management,USA,Tier 1,2,Yes
Education,ICICI,22,835,93000,93000,2800000,10,4,0,1,Postgraduate,Science,India,Tier 3,2,Yes
Education,SBI,19,850,121000,121000,3000000,12,1,0,1,Undergraduate,Engineering,India,Tier 2,4,Yes
Education,HDFC,23,850,111000,111000,4600000,15,5,24000,0,Postgraduate,Arts,UK,Tier 2,2,Yes
Education,ICICI,25,850,235000,235000,6900000,15,7,0,1,Postgraduate,Engineering,Canada,Tier 1,2,Yes
Education,SBI,20,850,195000,195000,6200000,15,2,0,1,Undergraduate,Medical,USA,Tier 1,5,Yes
Education,HDFC,22,810,91000,91000,3800000,15,4,22000,0,Postgraduate,Science,Australia,Tier 3,2,Yes
Education,ICICI,24,850,155000,155000,4400000,15,6,0,1,Postgraduate,Management,India,Tier 1,2,Yes
Education,SBI,21,850,106000,106000,2600000,8,3,0,1,Undergraduate,Engineering,India,Tier 2,4,Yes
Education,HDFC,27,850,380000,380000,8600000,15,9,36000,1,PhD,Engineering,USA,Tier 1,3,Yes
Education,ICICI,19,760,79000,79000,4200000,15,1,24000,0,Undergraduate,Medical,India,Tier 3,5,Yes
Education,SBI,23,850,185000,185000,5000000,15,5,0,1,Postgraduate,Science,USA,Tier 1,2,Yes
Education,HDFC,20,850,114000,114000,3200000,12,2,0,1,Undergraduate,Arts,India,Tier 2,3,Yes
Education,ICICI,22,795,86000,86000,4600000,15,4,25000,0,Postgraduate,Engineering,Canada,Tier 2,2,Yes
Education,SBI,25,850,255000,255000,7200000,15,7,0,1,Postgraduate,Management,UK,Tier 1,2,Yes
Education,HDFC,21,850,131000,131000,3600000,12,3,0,1,Undergraduate,Engineering,India,Tier 1,4,Yes
Education,ICICI,20,820,94000,94000,2400000,10,2,0,1,Undergraduate,Science,India,Tier 3,3,Yes
Education,HDFC,26,765,83000,83000,4900000,15,8,27000,0,PhD,Arts,USA,Tier 3,4,Yes
Education,ICICI,22,850,280000,280000,8000000,15,4,29000,1,Postgraduate,Engineering,USA,Tier 1,2,Yes
Education,SBI,18,850,105000,105000,2800000,12,0,0,1,Undergraduate,Management,India,Tier 2,3,Yes
Education,HDFC,24,850,177000,177000,6600000,15,6,0,1,Postgraduate,Science,UK,Tier 1,2,Yes
Education,ICICI,21,750,77000,77000,3900000,15,3,23000,0,Undergraduate,Medical,India,Tier 3,5,Yes
Education,SBI,23,850,121000,121000,4200000,15,5,0,1,Postgraduate,Engineering,India,Tier 1,2,Yes
Education,HDFC,22,840,101000,101000,2700000,10,4,0,1,Postgraduate,Arts,India,Tier 2,2,Yes
Education,ICICI,20,850,205000,205000,6100000,15,2,0,1,Undergraduate,Engineering,USA,Tier 1,4,Yes
Education,SBI,19,800,87000,87000,2400000,8,1,18000,0,Undergraduate,Science,India,Tier 3,3,Yes
Education,HDFC,25,850,235000,235000,6100000,15,7,27000,1,Postgraduate,Management,Canada,Tier 1,2,Yes
Education,ICICI,22,850,134000,134000,4000000,15,4,0,1,Postgraduate,Engineering,UK,Tier 2,1,Yes
Education,SBI,21,825,98000,98000,2200000,7,3,0,1,Undergraduate,Arts,India,Tier 3,3,Yes
Education,HDFC,24,850,200000,200000,7000000,15,6,0,1,Postgraduate,Medical,USA,Tier 1,3,Yes
Education,ICICI,23,780,81000,81000,4500000,15,5,26000,0,Postgraduate,Engineering,Australia,Tier 3,2,Yes
Education,SBI,22,850,144000,144000,3800000,12,4,0,1,Postgraduate,Science,India,Tier 2,2,Yes
Education,HDFC,19,850,265000,265000,7600000,15,1,0,1,Undergraduate,Medical,UK,Tier 1,5,Yes
Education,SBI,28,850,440000,440000,10000000,15,10,49000,1,PhD,Management,USA,Tier 1,4,Yes
Education,ICICI,20,850,106000,106000,2600000,10,2,0,1,Undergraduate,Science,India,Tier 2,3,Yes
Education,SBI,22,850,190000,190000,5300000,15,4,0,1,Postgraduate,Engineering,Australia,Tier 1,2,Yes
Education,HDFC,24,785,92000,92000,4000000,15,6,24000,0,Postgraduate,Science,Canada,Tier 2,2,Yes
Education,ICICI,21,850,220000,220000,5700000,15,3,0,1,Undergraduate,Engineering,USA,Tier 1,4,Yes
Education,SBI,19,850,117000,117000,2900000,12,1,0,1,Undergraduate,Management,India,Tier 2,3,Yes
Education,HDFC,26,850,250000,250000,6600000,15,8,30000,1,PhD,Science,UK,Tier 1,3,Yes
Education,ICICI,22,755,74000,74000,3500000,15,4,21000,0,Postgraduate,Arts,India,Tier 3,2,Yes
